n-gram (n =2),Location
"{abundat,intus}",prud. epil. 4 |4.5|
"{abundo,intus}",prud. epil. 4 |4.5|
"{ad,congruens}",prud. epil. 22 |3.5|
"{ad,congruo}",prud. epil. 22 |3.5|
"{ad,erilem}",prud. epil. 22 |3.6|
"{ad,erilis}",prud. epil. 22 |3.6|
"{ad,leuamen}",prud. epil. 10 |2.3|
"{ad,pauper}",prud. epil. 10 |2.4|
"{ad,pauperum}",prud. epil. 10 |2.4|
"{ad,possum}",prud. epil. 10 |2.5|
"{ad,potens}",prud. epil. 10 |2.5|
"{ad,potentes}",prud. epil. 10 |2.5|
"{ad,usum}",prud. epil. 22 |3.4|
"{ad,usus}",prud. epil. 22 |3.4|
"{ad,utor}",prud. epil. 22 |3.4|
"{aer,defio}",prud. epil. 16 |2.3|
"{aer,defit}",prud. epil. 16 |2.3|
"{aer,expolio}",prud. epil. 16 |2.4|
"{aer,expolita}",prud. epil. 16 |2.4|
"{aer,peluis}",prud. epil. 16 |2.5|
"{aere,defio}",prud. epil. 16 |2.3|
"{aere,defit}",prud. epil. 16 |2.3|
"{aere,expolio}",prud. epil. 16 |2.4|
"{aere,expolita}",prud. epil. 16 |2.4|
"{aere,peluis}",prud. epil. 16 |2.5|
"{aes,defio}",prud. epil. 16 |2.3|
"{aes,defit}",prud. epil. 16 |2.3|
"{aes,expolio}",prud. epil. 16 |2.4|
"{aes,expolita}",prud. epil. 16 |2.4|
"{aes,peluis}",prud. epil. 16 |2.5|
"{alter,et}",prud. epil. 5 |1.2|
"{alter,pecunia}",prud. epil. 5 |1.3|
"{alter,pecuniam}",prud. epil. 5 |1.3|
"{alto,et}",prud. epil. 5 |1.2|
"{alto,pecunia}",prud. epil. 5 |1.3|
"{alto,pecuniam}",prud. epil. 5 |1.3|
"{ampla,argentea}",prud. epil. 18 |3.4|
"{ampla,argenteus}",prud. epil. 18 |3.4|
"{ampla,est}",prud. epil. 18 |3.5|
"{ampla,parapsis}",prud. epil. 18 |3.6|
"{ampla,sum}",prud. epil. 18 |3.5|
"{amplo,argentea}",prud. epil. 18 |3.4|
"{amplo,argenteus}",prud. epil. 18 |3.4|
"{amplo,est}",prud. epil. 18 |3.5|
"{amplo,parapsis}",prud. epil. 18 |3.6|
"{amplo,sum}",prud. epil. 18 |3.5|
"{amplus,argentea}",prud. epil. 18 |3.4|
"{amplus,argenteus}",prud. epil. 18 |3.4|
"{amplus,est}",prud. epil. 18 |3.5|
"{amplus,parapsis}",prud. epil. 18 |3.6|
"{amplus,sum}",prud. epil. 18 |3.5|
"{anguli,maneo}",prud. epil. 28 |4.5|
"{anguli,manere}",prud. epil. 28 |4.5|
"{anguli,mano}",prud. epil. 28 |4.5|
"{angulos,supellex}",prud. epil. 14 |5.6|
"{angulus,maneo}",prud. epil. 28 |4.5|
"{angulus,manere}",prud. epil. 28 |4.5|
"{angulus,mano}",prud. epil. 28 |4.5|
"{angulus,supellex}",prud. epil. 14 |5.6|
"{approbat,deus}",prud. epil. 11 |1.3|
"{approbat,tamen}",prud. epil. 11 |1.2|
"{approbo,deus}",prud. epil. 11 |1.3|
"{approbo,tamen}",prud. epil. 11 |1.2|
"{aptat,usibus}",prud. epil. 27 |2.3|
"{aptat,usus}",prud. epil. 27 |2.3|
"{apto,usibus}",prud. epil. 27 |2.3|
"{apto,usus}",prud. epil. 27 |2.3|
"{argentea,est}",prud. epil. 18 |4.5|
"{argentea,parapsis}",prud. epil. 18 |4.6|
"{argentea,sum}",prud. epil. 18 |4.5|
"{argenteus,est}",prud. epil. 18 |4.5|
"{argenteus,parapsis}",prud. epil. 18 |4.6|
"{argenteus,sum}",prud. epil. 18 |4.5|
"{attamen,inferus}",prud. epil. 31 |1.3|
"{attamen,infimam}",prud. epil. 31 |1.3|
"{attamen,uel}",prud. epil. 31 |1.2|
"{aureus,scyphus}",prud. epil. 15 |2.3|
"{aurum,christum}",prud. epil. 34 |2.4|
"{aurum,christus}",prud. epil. 34 |2.4|
"{aurum,personasse}",prud. epil. 34 |2.3|
"{beata,abundat}",prud. epil. 4 |2.4|
"{beata,abundo}",prud. epil. 4 |2.4|
"{beata,intus}",prud. epil. 4 |2.5|
"{beata,mens}",prud. epil. 4 |2.3|
"{beatum,abundat}",prud. epil. 4 |2.4|
"{beatum,abundo}",prud. epil. 4 |2.4|
"{beatum,intus}",prud. epil. 4 |2.5|
"{beatum,mens}",prud. epil. 4 |2.3|
"{beatus,abundat}",prud. epil. 4 |2.4|
"{beatus,abundo}",prud. epil. 4 |2.4|
"{beatus,intus}",prud. epil. 4 |2.5|
"{beatus,mens}",prud. epil. 4 |2.3|
"{benignus,audio}",prud. epil. 12 |4.5|
"{benignus,audit}",prud. epil. 12 |4.5|
"{beo,abundat}",prud. epil. 4 |2.4|
"{beo,abundo}",prud. epil. 4 |2.4|
"{beo,intus}",prud. epil. 4 |2.5|
"{beo,mens}",prud. epil. 4 |2.3|
"{carmen,audio}",prud. epil. 12 |2.5|
"{carmen,audit}",prud. epil. 12 |2.5|
"{carmen,benignus}",prud. epil. 12 |2.4|
"{carmen,et}",prud. epil. 12 |2.3|
"{cauata,et}",prud. epil. 20 |4.5|
"{cauata,ulmo}",prud. epil. 20 |4.6|
"{cauata,ulmus}",prud. epil. 20 |4.6|
"{cauo,et}",prud. epil. 20 |4.5|
"{cauo,ulmo}",prud. epil. 20 |4.6|
"{cauo,ulmus}",prud. epil. 20 |4.6|
"{christus,aptat}",prud. epil. 27 |1.2|
"{christus,apto}",prud. epil. 27 |1.2|
"{christus,usibus}",prud. epil. 27 |1.3|
"{christus,usus}",prud. epil. 27 |1.3|
"{cieo,iambicos}",prud. epil. 7 |2.3|
"{citos,iambicos}",prud. epil. 7 |2.3|
"{citus,iambicos}",prud. epil. 7 |2.3|
"{congruens,erilem}",prud. epil. 22 |5.6|
"{congruens,erilis}",prud. epil. 22 |5.6|
"{congruo,erilem}",prud. epil. 22 |5.6|
"{congruo,erilis}",prud. epil. 22 |5.6|
"{defio,expolio}",prud. epil. 16 |3.4|
"{defio,expolita}",prud. epil. 16 |3.4|
"{defio,peluis}",prud. epil. 16 |3.5|
"{defit,expolio}",prud. epil. 16 |3.4|
"{defit,expolita}",prud. epil. 16 |3.4|
"{defit,peluis}",prud. epil. 16 |3.5|
"{deo,obsequela}",prud. epil. 32 |1.2|
"{deo,obsequellam}",prud. epil. 32 |1.2|
"{deo,pater}",prud. epil. 1 |2.3|
"{deo,patri}",prud. epil. 1 |2.3|
"{deo,patrium}",prud. epil. 1 |2.3|
"{deo,patrius}",prud. epil. 1 |2.3|
"{deo,praestitisse}",prud. epil. 32 |1.3|
"{deo,praesto}",prud. epil. 32 |1.3|
"{deo,prodest}",prud. epil. 32 |1.4|
"{deo,prodo}",prud. epil. 32 |1.4|
"{deo,prosum}",prud. epil. 32 |1.4|
"{deus,obsequela}",prud. epil. 32 |1.2|
"{deus,obsequellam}",prud. epil. 32 |1.2|
"{deus,pater}",prud. epil. 1 |2.3|
"{deus,patri}",prud. epil. 1 |2.3|
"{deus,patrium}",prud. epil. 1 |2.3|
"{deus,patrius}",prud. epil. 1 |2.3|
"{deus,praestitisse}",prud. epil. 32 |1.3|
"{deus,praesto}",prud. epil. 32 |1.3|
"{deus,prodest}",prud. epil. 32 |1.4|
"{deus,prodo}",prud. epil. 32 |1.4|
"{deus,prosum}",prud. epil. 32 |1.4|
"{diues,domo}",prud. epil. 13 |2.3|
"{diues,domus}",prud. epil. 13 |2.3|
"{diuitis,domo}",prud. epil. 13 |2.3|
"{diuitis,domus}",prud. epil. 13 |2.3|
"{dona,conscientia}",prud. epil. 3 |1.2|
"{dona,conscientiae}",prud. epil. 3 |1.2|
"{dono,conscientia}",prud. epil. 3 |1.2|
"{dono,conscientiae}",prud. epil. 3 |1.2|
"{donum,conscientia}",prud. epil. 3 |1.2|
"{donum,conscientiae}",prud. epil. 3 |1.2|
"{eburna,quaepiam}",prud. epil. 19 |2.3|
"{eburnus,quaepiam}",prud. epil. 19 |2.3|
"{ecce,fictile}",prud. epil. 29 |2.3|
"{ecce,fictilis}",prud. epil. 29 |2.3|
"{ego,atrio}",prud. epil. 25 |1.4|
"{ego,atrium}",prud. epil. 25 |1.4|
"{ego,atrius}",prud. epil. 25 |1.4|
"{ego,cieo}",prud. epil. 7 |1.2|
"{ego,citos}",prud. epil. 7 |1.2|
"{ego,citus}",prud. epil. 7 |1.2|
"{ego,iambicos}",prud. epil. 7 |1.3|
"{ego,in}",prud. epil. 25 |1.3|
"{ego,paterno}",prud. epil. 25 |1.2|
"{ego,paternus}",prud. epil. 25 |1.2|
"{emo,ligno}",prud. epil. 24 |2.6|
"{emo,lignum}",prud. epil. 24 |2.6|
"{emo,magno}",prud. epil. 24 |2.3|
"{emo,magnus}",prud. epil. 24 |2.3|
"{emo,parata}",prud. epil. 24 |2.5|
"{emo,paratus}",prud. epil. 24 |2.5|
"{emo,paro}",prud. epil. 24 |2.5|
"{emo,sic}",prud. epil. 24 |2.4|
"{empta,ligno}",prud. epil. 24 |2.6|
"{empta,lignum}",prud. epil. 24 |2.6|
"{empta,magno}",prud. epil. 24 |2.3|
"{empta,magnus}",prud. epil. 24 |2.3|
"{empta,parata}",prud. epil. 24 |2.5|
"{empta,paratus}",prud. epil. 24 |2.5|
"{empta,paro}",prud. epil. 24 |2.5|
"{empta,sic}",prud. epil. 24 |2.4|
"{emptum,ligno}",prud. epil. 24 |2.6|
"{emptum,lignum}",prud. epil. 24 |2.6|
"{emptum,magno}",prud. epil. 24 |2.3|
"{emptum,magnus}",prud. epil. 24 |2.3|
"{emptum,parata}",prud. epil. 24 |2.5|
"{emptum,paratus}",prud. epil. 24 |2.5|
"{emptum,paro}",prud. epil. 24 |2.5|
"{emptum,sic}",prud. epil. 24 |2.4|
"{enim,domum}",prud. epil. 23 |2.3|
"{enim,domus}",prud. epil. 23 |2.3|
"{est,ad}",prud. epil. 22 |2.3|
"{est,angulos}",prud. epil. 14 |2.5|
"{est,angulus}",prud. epil. 14 |2.5|
"{est,congruens}",prud. epil. 22 |2.5|
"{est,congruo}",prud. epil. 22 |2.5|
"{est,erilem}",prud. epil. 22 |2.6|
"{est,erilis}",prud. epil. 22 |2.6|
"{est,et}",prud. epil. 17 |1.2|
"{est,fictilis}",prud. epil. 17 |1.4|
"{est,ille}",prud. epil. 17 |1.3|
"{est,olla}",prud. epil. 17 |1.3|
"{est,ollus}",prud. epil. 17 |1.3|
"{est,omnes}",prud. epil. 14 |2.4|
"{est,omnis}",prud. epil. 14 |2.4|
"{est,parapsis}",prud. epil. 18 |5.6|
"{est,per}",prud. epil. 14 |2.3|
"{est,supellex}",prud. epil. 14 |2.6|
"{est,usum}",prud. epil. 22 |2.4|
"{est,usus}",prud. epil. 22 |2.4|
"{est,utor}",prud. epil. 22 |2.4|
"{et,ampla}",prud. epil. 18 |2.3|
"{et,amplo}",prud. epil. 18 |2.3|
"{et,amplus}",prud. epil. 18 |2.3|
"{et,argentea}",prud. epil. 18 |2.4|
"{et,argenteus}",prud. epil. 18 |2.4|
"{et,audio}",prud. epil. 12 |3.5|
"{et,audit}",prud. epil. 12 |3.5|
"{et,benignus}",prud. epil. 12 |3.4|
"{et,est}",prud. epil. 18 |2.5|
"{et,fictilis}",prud. epil. 17 |2.4|
"{et,ille}",prud. epil. 17 |2.3|
"{et,olla}",prud. epil. 17 |2.3|
"{et,ollus}",prud. epil. 17 |2.3|
"{et,parapsis}",prud. epil. 18 |2.6|
"{et,pecunia}",prud. epil. 5 |2.3|
"{et,pecuniam}",prud. epil. 5 |2.3|
"{et,rotatiles}",prud. epil. 8 |2.3|
"{et,rotatilis}",prud. epil. 8 |2.3|
"{et,sum}",prud. epil. 18 |2.5|
"{et,trochaeos}",prud. epil. 8 |2.4|
"{et,trochaeus}",prud. epil. 8 |2.4|
"{et,ulmo}",prud. epil. 20 |5.6|
"{et,ulmus}",prud. epil. 20 |5.6|
"{expolio,peluis}",prud. epil. 16 |4.5|
"{expolita,peluis}",prud. epil. 16 |4.5|
"{fidelis,innocens}",prud. epil. 2 |2.3|
"{fidelis,pudicus}",prud. epil. 2 |2.4|
"{fio,utile}",prud. epil. 21 |3.4|
"{fio,utilis}",prud. epil. 21 |3.4|
"{fit,utile}",prud. epil. 21 |3.4|
"{fit,utilis}",prud. epil. 21 |3.4|
"{fulgeo,aureus}",prud. epil. 15 |1.2|
"{fulgeo,scyphus}",prud. epil. 15 |1.3|
"{fulget,aureus}",prud. epil. 15 |1.2|
"{fulget,scyphus}",prud. epil. 15 |1.3|
"{grauis,ampla}",prud. epil. 18 |1.3|
"{grauis,amplo}",prud. epil. 18 |1.3|
"{grauis,amplus}",prud. epil. 18 |1.3|
"{grauis,argentea}",prud. epil. 18 |1.4|
"{grauis,argenteus}",prud. epil. 18 |1.4|
"{grauis,est}",prud. epil. 18 |1.5|
"{grauis,et}",prud. epil. 18 |1.2|
"{grauis,parapsis}",prud. epil. 18 |1.6|
"{grauis,sum}",prud. epil. 18 |1.5|
"{grauisque,ampla}",prud. epil. 18 |1.3|
"{grauisque,amplo}",prud. epil. 18 |1.3|
"{grauisque,amplus}",prud. epil. 18 |1.3|
"{grauisque,argentea}",prud. epil. 18 |1.4|
"{grauisque,argenteus}",prud. epil. 18 |1.4|
"{grauisque,est}",prud. epil. 18 |1.5|
"{grauisque,et}",prud. epil. 18 |1.2|
"{grauisque,parapsis}",prud. epil. 18 |1.6|
"{grauisque,sum}",prud. epil. 18 |1.5|
"{ille,accidit}",prud. epil. 33 |2.3|
"{ille,accido}",prud. epil. 33 |2.3|
"{ille,fictilis}",prud. epil. 17 |3.4|
"{illud,accidit}",prud. epil. 33 |2.3|
"{illud,accido}",prud. epil. 33 |2.3|
"{in,anguli}",prud. epil. 28 |3.4|
"{in,angulus}",prud. epil. 28 |3.4|
"{in,atrio}",prud. epil. 25 |3.4|
"{in,atrium}",prud. epil. 25 |3.4|
"{in,atrius}",prud. epil. 25 |3.4|
"{in,maneo}",prud. epil. 28 |3.5|
"{in,manere}",prud. epil. 28 |3.5|
"{in,mano}",prud. epil. 28 |3.5|
"{ineo,intra}",prud. epil. 30 |1.2|
"{ineo,intro}",prud. epil. 30 |1.2|
"{ineo,regia}",prud. epil. 30 |1.3|
"{ineo,regiam}",prud. epil. 30 |1.3|
"{ineo,regius}",prud. epil. 30 |1.3|
"{ineo,salus}",prud. epil. 30 |1.4|
"{ineo,salutis}",prud. epil. 30 |1.4|
"{inimus,intra}",prud. epil. 30 |1.2|
"{inimus,intro}",prud. epil. 30 |1.2|
"{inimus,regia}",prud. epil. 30 |1.3|
"{inimus,regiam}",prud. epil. 30 |1.3|
"{inimus,regius}",prud. epil. 30 |1.3|
"{inimus,salus}",prud. epil. 30 |1.4|
"{inimus,salutis}",prud. epil. 30 |1.4|
"{inmolat,deo}",prud. epil. 1 |1.2|
"{inmolat,deus}",prud. epil. 1 |1.2|
"{inmolat,pater}",prud. epil. 1 |1.3|
"{inmolat,patri}",prud. epil. 1 |1.3|
"{inmolat,patrium}",prud. epil. 1 |1.3|
"{inmolat,patrius}",prud. epil. 1 |1.3|
"{inmolo,deo}",prud. epil. 1 |1.2|
"{inmolo,deus}",prud. epil. 1 |1.2|
"{inmolo,pater}",prud. epil. 1 |1.3|
"{inmolo,patri}",prud. epil. 1 |1.3|
"{inmolo,patrium}",prud. epil. 1 |1.3|
"{inmolo,patrius}",prud. epil. 1 |1.3|
"{innocens,pudicus}",prud. epil. 2 |3.4|
"{instruo,domum}",prud. epil. 23 |1.3|
"{instruo,domus}",prud. epil. 23 |1.3|
"{instruo,enim}",prud. epil. 23 |1.2|
"{instruunt,domum}",prud. epil. 23 |1.3|
"{instruunt,domus}",prud. epil. 23 |1.3|
"{instruunt,enim}",prud. epil. 23 |1.2|
"{intra,regia}",prud. epil. 30 |2.3|
"{intra,regiam}",prud. epil. 30 |2.3|
"{intra,regius}",prud. epil. 30 |2.3|
"{intra,salus}",prud. epil. 30 |2.4|
"{intra,salutis}",prud. epil. 30 |2.4|
"{intro,regia}",prud. epil. 30 |2.3|
"{intro,regiam}",prud. epil. 30 |2.3|
"{intro,regius}",prud. epil. 30 |2.3|
"{intro,salus}",prud. epil. 30 |2.4|
"{intro,salutis}",prud. epil. 30 |2.4|
"{iuuabit,aurum}",prud. epil. 34 |1.2|
"{iuuabit,christum}",prud. epil. 34 |1.4|
"{iuuabit,christus}",prud. epil. 34 |1.4|
"{iuuabit,ore}",prud. epil. 34 |1.2|
"{iuuabit,os}",prud. epil. 34 |1.2|
"{iuuabit,personasse}",prud. epil. 34 |1.3|
"{iuuo,aurum}",prud. epil. 34 |1.2|
"{iuuo,christum}",prud. epil. 34 |1.4|
"{iuuo,christus}",prud. epil. 34 |1.4|
"{iuuo,ore}",prud. epil. 34 |1.2|
"{iuuo,os}",prud. epil. 34 |1.2|
"{iuuo,personasse}",prud. epil. 34 |1.3|
"{leuamen,pauper}",prud. epil. 10 |3.4|
"{leuamen,pauperum}",prud. epil. 10 |3.4|
"{leuamen,possum}",prud. epil. 10 |3.5|
"{leuamen,potens}",prud. epil. 10 |3.5|
"{leuamen,potentes}",prud. epil. 10 |3.5|
"{magno,ligno}",prud. epil. 24 |3.6|
"{magno,lignum}",prud. epil. 24 |3.6|
"{magno,parata}",prud. epil. 24 |3.5|
"{magno,paratus}",prud. epil. 24 |3.5|
"{magno,paro}",prud. epil. 24 |3.5|
"{magno,sic}",prud. epil. 24 |3.4|
"{magnus,ligno}",prud. epil. 24 |3.6|
"{magnus,lignum}",prud. epil. 24 |3.6|
"{magnus,parata}",prud. epil. 24 |3.5|
"{magnus,paratus}",prud. epil. 24 |3.5|
"{magnus,paro}",prud. epil. 24 |3.5|
"{magnus,sic}",prud. epil. 24 |3.4|
"{me,atrio}",prud. epil. 25 |1.4|
"{me,atrium}",prud. epil. 25 |1.4|
"{me,atrius}",prud. epil. 25 |1.4|
"{me,in}",prud. epil. 25 |1.3|
"{me,paterno}",prud. epil. 25 |1.2|
"{me,paternus}",prud. epil. 25 |1.2|
"{mens,abundat}",prud. epil. 4 |3.4|
"{mens,abundo}",prud. epil. 4 |3.4|
"{mens,intus}",prud. epil. 4 |3.5|
"{multa,diues}",prud. epil. 13 |1.2|
"{multa,diuitis}",prud. epil. 13 |1.2|
"{multa,domo}",prud. epil. 13 |1.3|
"{multa,domus}",prud. epil. 13 |1.3|
"{multo,diues}",prud. epil. 13 |1.2|
"{multo,diuitis}",prud. epil. 13 |1.2|
"{multo,domo}",prud. epil. 13 |1.3|
"{multo,domus}",prud. epil. 13 |1.3|
"{multus,diues}",prud. epil. 13 |1.2|
"{multus,diuitis}",prud. epil. 13 |1.2|
"{multus,domo}",prud. epil. 13 |1.3|
"{multus,domus}",prud. epil. 13 |1.3|
"{munus,ecce}",prud. epil. 29 |1.2|
"{munus,fictile}",prud. epil. 29 |1.3|
"{munus,fictilis}",prud. epil. 29 |1.3|
"{nec,ad}",prud. epil. 10 |1.2|
"{nec,aer}",prud. epil. 16 |1.2|
"{nec,aere}",prud. epil. 16 |1.2|
"{nec,aes}",prud. epil. 16 |1.2|
"{nec,defio}",prud. epil. 16 |1.3|
"{nec,defit}",prud. epil. 16 |1.3|
"{nec,expolio}",prud. epil. 16 |1.4|
"{nec,expolita}",prud. epil. 16 |1.4|
"{nec,leuamen}",prud. epil. 10 |1.3|
"{nec,pauper}",prud. epil. 10 |1.4|
"{nec,pauperum}",prud. epil. 10 |1.4|
"{nec,peluis}",prud. epil. 16 |1.5|
"{nec,possum}",prud. epil. 10 |1.5|
"{nec,potens}",prud. epil. 10 |1.5|
"{nec,potentes}",prud. epil. 10 |1.5|
"{neque,ad}",prud. epil. 10 |1.2|
"{neque,aer}",prud. epil. 16 |1.2|
"{neque,aere}",prud. epil. 16 |1.2|
"{neque,aes}",prud. epil. 16 |1.2|
"{neque,defio}",prud. epil. 16 |1.3|
"{neque,defit}",prud. epil. 16 |1.3|
"{neque,expolio}",prud. epil. 16 |1.4|
"{neque,expolita}",prud. epil. 16 |1.4|
"{neque,leuamen}",prud. epil. 10 |1.3|
"{neque,pauper}",prud. epil. 10 |1.4|
"{neque,pauperum}",prud. epil. 10 |1.4|
"{neque,peluis}",prud. epil. 16 |1.5|
"{neque,possum}",prud. epil. 10 |1.5|
"{neque,potens}",prud. epil. 10 |1.5|
"{neque,potentes}",prud. epil. 10 |1.5|
"{nonnulla,cauata}",prud. epil. 20 |1.4|
"{nonnulla,cauo}",prud. epil. 20 |1.4|
"{nonnulla,et}",prud. epil. 20 |1.5|
"{nonnulla,quercu}",prud. epil. 20 |1.2|
"{nonnulla,quercus}",prud. epil. 20 |1.2|
"{nonnulla,sum}",prud. epil. 20 |1.3|
"{nonnulla,sunt}",prud. epil. 20 |1.3|
"{nonnulla,ulmo}",prud. epil. 20 |1.6|
"{nonnulla,ulmus}",prud. epil. 20 |1.6|
"{nonnullus,cauata}",prud. epil. 20 |1.4|
"{nonnullus,cauo}",prud. epil. 20 |1.4|
"{nonnullus,et}",prud. epil. 20 |1.5|
"{nonnullus,quercu}",prud. epil. 20 |1.2|
"{nonnullus,quercus}",prud. epil. 20 |1.2|
"{nonnullus,sum}",prud. epil. 20 |1.3|
"{nonnullus,sunt}",prud. epil. 20 |1.3|
"{nonnullus,ulmo}",prud. epil. 20 |1.6|
"{nonnullus,ulmus}",prud. epil. 20 |1.6|
"{nos,cieo}",prud. epil. 7 |1.2|
"{nos,citos}",prud. epil. 7 |1.2|
"{nos,citus}",prud. epil. 7 |1.2|
"{nos,iambicos}",prud. epil. 7 |1.3|
"{obsequela,praestitisse}",prud. epil. 32 |2.3|
"{obsequela,praesto}",prud. epil. 32 |2.3|
"{obsequela,prodest}",prud. epil. 32 |2.4|
"{obsequela,prodo}",prud. epil. 32 |2.4|
"{obsequela,prosum}",prud. epil. 32 |2.4|
"{obsequellam,praestitisse}",prud. epil. 32 |2.3|
"{obsequellam,praesto}",prud. epil. 32 |2.3|
"{obsequellam,prodest}",prud. epil. 32 |2.4|
"{obsequellam,prodo}",prud. epil. 32 |2.4|
"{obsequellam,prosum}",prud. epil. 32 |2.4|
"{obsolesco,caducis}",prud. epil. 26 |2.4|
"{obsolesco,caducum}",prud. epil. 26 |2.4|
"{obsolesco,caducus}",prud. epil. 26 |2.4|
"{obsolesco,uasculum}",prud. epil. 26 |2.3|
"{obsoletum,caducis}",prud. epil. 26 |2.4|
"{obsoletum,caducum}",prud. epil. 26 |2.4|
"{obsoletum,caducus}",prud. epil. 26 |2.4|
"{obsoletum,uasculum}",prud. epil. 26 |2.3|
"{olla,fictilis}",prud. epil. 17 |3.4|
"{ollus,fictilis}",prud. epil. 17 |3.4|
"{omne,fio}",prud. epil. 21 |1.3|
"{omne,fit}",prud. epil. 21 |1.3|
"{omne,uas}",prud. epil. 21 |1.2|
"{omne,utile}",prud. epil. 21 |1.4|
"{omne,utilis}",prud. epil. 21 |1.4|
"{omnes,angulos}",prud. epil. 14 |4.5|
"{omnes,angulus}",prud. epil. 14 |4.5|
"{omnes,supellex}",prud. epil. 14 |4.6|
"{omnis,angulos}",prud. epil. 14 |4.5|
"{omnis,angulus}",prud. epil. 14 |4.5|
"{omnis,fio}",prud. epil. 21 |1.3|
"{omnis,fit}",prud. epil. 21 |1.3|
"{omnis,supellex}",prud. epil. 14 |4.6|
"{omnis,uas}",prud. epil. 21 |1.2|
"{omnis,utile}",prud. epil. 21 |1.4|
"{omnis,utilis}",prud. epil. 21 |1.4|
"{ore,christum}",prud. epil. 34 |2.4|
"{ore,christus}",prud. epil. 34 |2.4|
"{ore,personasse}",prud. epil. 34 |2.3|
"{os,christum}",prud. epil. 34 |2.4|
"{os,christus}",prud. epil. 34 |2.4|
"{os,personasse}",prud. epil. 34 |2.3|
"{parata,ligno}",prud. epil. 24 |5.6|
"{parata,lignum}",prud. epil. 24 |5.6|
"{paratus,ligno}",prud. epil. 24 |5.6|
"{paratus,lignum}",prud. epil. 24 |5.6|
"{pario,anguli}",prud. epil. 28 |2.4|
"{pario,angulus}",prud. epil. 28 |2.4|
"{pario,in}",prud. epil. 28 |2.3|
"{pario,maneo}",prud. epil. 28 |2.5|
"{pario,manere}",prud. epil. 28 |2.5|
"{pario,mano}",prud. epil. 28 |2.5|
"{paro,ligno}",prud. epil. 24 |5.6|
"{paro,lignum}",prud. epil. 24 |5.6|
"{pars,anguli}",prud. epil. 28 |2.4|
"{pars,angulus}",prud. epil. 28 |2.4|
"{pars,in}",prud. epil. 28 |2.3|
"{pars,maneo}",prud. epil. 28 |2.5|
"{pars,manere}",prud. epil. 28 |2.5|
"{pars,mano}",prud. epil. 28 |2.5|
"{parte,anguli}",prud. epil. 28 |2.4|
"{parte,angulus}",prud. epil. 28 |2.4|
"{parte,in}",prud. epil. 28 |2.3|
"{parte,maneo}",prud. epil. 28 |2.5|
"{parte,manere}",prud. epil. 28 |2.5|
"{parte,mano}",prud. epil. 28 |2.5|
"{paterno,atrio}",prud. epil. 25 |2.4|
"{paterno,atrium}",prud. epil. 25 |2.4|
"{paterno,atrius}",prud. epil. 25 |2.4|
"{paterno,in}",prud. epil. 25 |2.3|
"{paternus,atrio}",prud. epil. 25 |2.4|
"{paternus,atrium}",prud. epil. 25 |2.4|
"{paternus,atrius}",prud. epil. 25 |2.4|
"{paternus,in}",prud. epil. 25 |2.3|
"{pauper,possum}",prud. epil. 10 |4.5|
"{pauper,potens}",prud. epil. 10 |4.5|
"{pauper,potentes}",prud. epil. 10 |4.5|
"{pauperum,possum}",prud. epil. 10 |4.5|
"{pauperum,potens}",prud. epil. 10 |4.5|
"{pauperum,potentes}",prud. epil. 10 |4.5|
"{pedester,audio}",prud. epil. 12 |1.5|
"{pedester,audit}",prud. epil. 12 |1.5|
"{pedester,benignus}",prud. epil. 12 |1.4|
"{pedester,carmen}",prud. epil. 12 |1.2|
"{pedester,et}",prud. epil. 12 |1.3|
"{pedestre,audio}",prud. epil. 12 |1.5|
"{pedestre,audit}",prud. epil. 12 |1.5|
"{pedestre,benignus}",prud. epil. 12 |1.4|
"{pedestre,carmen}",prud. epil. 12 |1.2|
"{pedestre,et}",prud. epil. 12 |1.3|
"{per,angulos}",prud. epil. 14 |3.5|
"{per,angulus}",prud. epil. 14 |3.5|
"{per,omnes}",prud. epil. 14 |3.4|
"{per,omnis}",prud. epil. 14 |3.4|
"{per,supellex}",prud. epil. 14 |3.6|
"{personasse,christum}",prud. epil. 34 |3.4|
"{personasse,christus}",prud. epil. 34 |3.4|
"{pius,fidelis}",prud. epil. 2 |1.2|
"{pius,innocens}",prud. epil. 2 |1.3|
"{pius,pudicus}",prud. epil. 2 |1.4|
"{praestitisse,prodest}",prud. epil. 32 |3.4|
"{praestitisse,prodo}",prud. epil. 32 |3.4|
"{praestitisse,prosum}",prud. epil. 32 |3.4|
"{praesto,prodest}",prud. epil. 32 |3.4|
"{praesto,prodo}",prud. epil. 32 |3.4|
"{praesto,prosum}",prud. epil. 32 |3.4|
"{quercu,cauata}",prud. epil. 20 |2.4|
"{quercu,cauo}",prud. epil. 20 |2.4|
"{quercu,et}",prud. epil. 20 |2.5|
"{quercu,sum}",prud. epil. 20 |2.3|
"{quercu,sunt}",prud. epil. 20 |2.3|
"{quercu,ulmo}",prud. epil. 20 |2.6|
"{quercu,ulmus}",prud. epil. 20 |2.6|
"{quercus,cauata}",prud. epil. 20 |2.4|
"{quercus,cauo}",prud. epil. 20 |2.4|
"{quercus,et}",prud. epil. 20 |2.5|
"{quercus,sum}",prud. epil. 20 |2.3|
"{quercus,sunt}",prud. epil. 20 |2.3|
"{quercus,ulmo}",prud. epil. 20 |2.6|
"{quercus,ulmus}",prud. epil. 20 |2.6|
"{qui,abundat}",prud. epil. 4 |1.4|
"{qui,abundo}",prud. epil. 4 |1.4|
"{qui,ad}",prud. epil. 22 |1.3|
"{qui,beata}",prud. epil. 4 |1.2|
"{qui,beatum}",prud. epil. 4 |1.2|
"{qui,beatus}",prud. epil. 4 |1.2|
"{qui,beo}",prud. epil. 4 |1.2|
"{qui,congruens}",prud. epil. 22 |1.5|
"{qui,congruo}",prud. epil. 22 |1.5|
"{qui,erilem}",prud. epil. 22 |1.6|
"{qui,erilis}",prud. epil. 22 |1.6|
"{qui,est}",prud. epil. 22 |1.2|
"{qui,intus}",prud. epil. 4 |1.5|
"{qui,mens}",prud. epil. 4 |1.3|
"{qui,sum}",prud. epil. 22 |1.2|
"{qui,usum}",prud. epil. 22 |1.4|
"{qui,usus}",prud. epil. 22 |1.4|
"{qui,utor}",prud. epil. 22 |1.4|
"{quibus,abundat}",prud. epil. 4 |1.4|
"{quibus,abundo}",prud. epil. 4 |1.4|
"{quibus,beata}",prud. epil. 4 |1.2|
"{quibus,beatum}",prud. epil. 4 |1.2|
"{quibus,beatus}",prud. epil. 4 |1.2|
"{quibus,beo}",prud. epil. 4 |1.2|
"{quibus,intus}",prud. epil. 4 |1.5|
"{quibus,mens}",prud. epil. 4 |1.3|
"{quidquid,accidit}",prud. epil. 33 |1.3|
"{quidquid,accido}",prud. epil. 33 |1.3|
"{quidquid,ille}",prud. epil. 33 |1.2|
"{quidquid,illud}",prud. epil. 33 |1.2|
"{quis,abundat}",prud. epil. 4 |1.4|
"{quis,abundo}",prud. epil. 4 |1.4|
"{quis,ad}",prud. epil. 22 |1.3|
"{quis,beata}",prud. epil. 4 |1.2|
"{quis,beatum}",prud. epil. 4 |1.2|
"{quis,beatus}",prud. epil. 4 |1.2|
"{quis,beo}",prud. epil. 4 |1.2|
"{quis,congruens}",prud. epil. 22 |1.5|
"{quis,congruo}",prud. epil. 22 |1.5|
"{quis,erilem}",prud. epil. 22 |1.6|
"{quis,erilis}",prud. epil. 22 |1.6|
"{quis,est}",prud. epil. 22 |1.2|
"{quis,intus}",prud. epil. 4 |1.5|
"{quis,mens}",prud. epil. 4 |1.3|
"{quis,sum}",prud. epil. 22 |1.2|
"{quis,usum}",prud. epil. 22 |1.4|
"{quis,usus}",prud. epil. 22 |1.4|
"{quis,utor}",prud. epil. 22 |1.4|
"{quisquis,accidit}",prud. epil. 33 |1.3|
"{quisquis,accido}",prud. epil. 33 |1.3|
"{quisquis,ille}",prud. epil. 33 |1.2|
"{quisquis,illud}",prud. epil. 33 |1.2|
"{quod,ad}",prud. epil. 22 |1.3|
"{quod,congruens}",prud. epil. 22 |1.5|
"{quod,congruo}",prud. epil. 22 |1.5|
"{quod,erilem}",prud. epil. 22 |1.6|
"{quod,erilis}",prud. epil. 22 |1.6|
"{quod,est}",prud. epil. 22 |1.2|
"{quod,sum}",prud. epil. 22 |1.2|
"{quod,usum}",prud. epil. 22 |1.4|
"{quod,usus}",prud. epil. 22 |1.4|
"{quod,utor}",prud. epil. 22 |1.4|
"{recidit,egeni}",prud. epil. 6 |1.4|
"{recidit,egenus}",prud. epil. 6 |1.4|
"{recidit,uictitent}",prud. epil. 6 |1.3|
"{recidit,unde}",prud. epil. 6 |1.2|
"{recido,egeni}",prud. epil. 6 |1.4|
"{recido,egenus}",prud. epil. 6 |1.4|
"{recido,uictitent}",prud. epil. 6 |1.3|
"{recido,unde}",prud. epil. 6 |1.2|
"{regia,salus}",prud. epil. 30 |3.4|
"{regia,salutis}",prud. epil. 30 |3.4|
"{regiam,salus}",prud. epil. 30 |3.4|
"{regiam,salutis}",prud. epil. 30 |3.4|
"{regius,salus}",prud. epil. 30 |3.4|
"{regius,salutis}",prud. epil. 30 |3.4|
"{rotatiles,trochaeos}",prud. epil. 8 |3.4|
"{rotatiles,trochaeus}",prud. epil. 8 |3.4|
"{rotatilis,trochaeos}",prud. epil. 8 |3.4|
"{rotatilis,trochaeus}",prud. epil. 8 |3.4|
"{sacramus,et}",prud. epil. 8 |1.2|
"{sacramus,rotatiles}",prud. epil. 8 |1.3|
"{sacramus,rotatilis}",prud. epil. 8 |1.3|
"{sacramus,trochaeos}",prud. epil. 8 |1.4|
"{sacramus,trochaeus}",prud. epil. 8 |1.4|
"{sacro,et}",prud. epil. 8 |1.2|
"{sacro,rotatiles}",prud. epil. 8 |1.3|
"{sacro,rotatilis}",prud. epil. 8 |1.3|
"{sacro,trochaeos}",prud. epil. 8 |1.4|
"{sacro,trochaeus}",prud. epil. 8 |1.4|
"{sanctitas,indigi}",prud. epil. 9 |1.2|
"{sanctitas,indigus}",prud. epil. 9 |1.2|
"{sanctitatis,indigi}",prud. epil. 9 |1.2|
"{sanctitatis,indigus}",prud. epil. 9 |1.2|
"{sic,ligno}",prud. epil. 24 |4.6|
"{sic,lignum}",prud. epil. 24 |4.6|
"{sic,parata}",prud. epil. 24 |4.5|
"{sic,paratus}",prud. epil. 24 |4.5|
"{sic,paro}",prud. epil. 24 |4.5|
"{sinitque,anguli}",prud. epil. 28 |1.4|
"{sinitque,angulus}",prud. epil. 28 |1.4|
"{sinitque,in}",prud. epil. 28 |1.3|
"{sinitque,maneo}",prud. epil. 28 |1.5|
"{sinitque,manere}",prud. epil. 28 |1.5|
"{sinitque,mano}",prud. epil. 28 |1.5|
"{sinitque,pario}",prud. epil. 28 |1.2|
"{sinitque,pars}",prud. epil. 28 |1.2|
"{sinitque,parte}",prud. epil. 28 |1.2|
"{sino,anguli}",prud. epil. 28 |1.4|
"{sino,angulos}",prud. epil. 14 |1.5|
"{sino,angulus}","prud. epil. 14 |1.5| , prud. epil. 28 |1.4|"
"{sino,est}",prud. epil. 14 |1.2|
"{sino,in}",prud. epil. 28 |1.3|
"{sino,maneo}",prud. epil. 28 |1.5|
"{sino,manere}",prud. epil. 28 |1.5|
"{sino,mano}",prud. epil. 28 |1.5|
"{sino,omnes}",prud. epil. 14 |1.4|
"{sino,omnis}",prud. epil. 14 |1.4|
"{sino,pario}",prud. epil. 28 |1.2|
"{sino,pars}",prud. epil. 28 |1.2|
"{sino,parte}",prud. epil. 28 |1.2|
"{sino,per}",prud. epil. 14 |1.3|
"{sino,sum}",prud. epil. 14 |1.2|
"{sino,supellex}",prud. epil. 14 |1.6|
"{sita,angulos}",prud. epil. 14 |1.5|
"{sita,angulus}",prud. epil. 14 |1.5|
"{sita,est}",prud. epil. 14 |1.2|
"{sita,omnes}",prud. epil. 14 |1.4|
"{sita,omnis}",prud. epil. 14 |1.4|
"{sita,per}",prud. epil. 14 |1.3|
"{sita,sum}",prud. epil. 14 |1.2|
"{sita,supellex}",prud. epil. 14 |1.6|
"{sum,ad}",prud. epil. 22 |2.3|
"{sum,angulos}",prud. epil. 14 |2.5|
"{sum,angulus}",prud. epil. 14 |2.5|
"{sum,cauata}",prud. epil. 20 |3.4|
"{sum,cauo}",prud. epil. 20 |3.4|
"{sum,congruens}",prud. epil. 22 |2.5|
"{sum,congruo}",prud. epil. 22 |2.5|
"{sum,eburna}",prud. epil. 19 |1.2|
"{sum,eburnus}",prud. epil. 19 |1.2|
"{sum,erilem}",prud. epil. 22 |2.6|
"{sum,erilis}",prud. epil. 22 |2.6|
"{sum,et}","prud. epil. 17 |1.2| , prud. epil. 20 |3.5|"
"{sum,fictilis}",prud. epil. 17 |1.4|
"{sum,ille}",prud. epil. 17 |1.3|
"{sum,olla}",prud. epil. 17 |1.3|
"{sum,ollus}",prud. epil. 17 |1.3|
"{sum,omnes}",prud. epil. 14 |2.4|
"{sum,omnis}",prud. epil. 14 |2.4|
"{sum,parapsis}",prud. epil. 18 |5.6|
"{sum,per}",prud. epil. 14 |2.3|
"{sum,quaepiam}",prud. epil. 19 |1.3|
"{sum,supellex}",prud. epil. 14 |2.6|
"{sum,ulmo}",prud. epil. 20 |3.6|
"{sum,ulmus}",prud. epil. 20 |3.6|
"{sum,usum}",prud. epil. 22 |2.4|
"{sum,usus}",prud. epil. 22 |2.4|
"{sum,utor}",prud. epil. 22 |2.4|
"{sunt,cauata}",prud. epil. 20 |3.4|
"{sunt,cauo}",prud. epil. 20 |3.4|
"{sunt,eburna}",prud. epil. 19 |1.2|
"{sunt,eburnus}",prud. epil. 19 |1.2|
"{sunt,et}",prud. epil. 20 |3.5|
"{sunt,quaepiam}",prud. epil. 19 |1.3|
"{sunt,ulmo}",prud. epil. 20 |3.6|
"{sunt,ulmus}",prud. epil. 20 |3.6|
"{tamen,deus}",prud. epil. 11 |2.3|
"{uas,fio}",prud. epil. 21 |2.3|
"{uas,fit}",prud. epil. 21 |2.3|
"{uas,utile}",prud. epil. 21 |2.4|
"{uas,utilis}",prud. epil. 21 |2.4|
"{uasculum,caducis}",prud. epil. 26 |3.4|
"{uasculum,caducum}",prud. epil. 26 |3.4|
"{uasculum,caducus}",prud. epil. 26 |3.4|
"{uel,inferus}",prud. epil. 31 |2.3|
"{uel,infimam}",prud. epil. 31 |2.3|
"{uictitent,egeni}",prud. epil. 6 |3.4|
"{uictitent,egenus}",prud. epil. 6 |3.4|
"{unde,egeni}",prud. epil. 6 |2.4|
"{unde,egenus}",prud. epil. 6 |2.4|
"{unde,uictitent}",prud. epil. 6 |2.3|
"{usum,congruens}",prud. epil. 22 |4.5|
"{usum,congruo}",prud. epil. 22 |4.5|
"{usum,erilem}",prud. epil. 22 |4.6|
"{usum,erilis}",prud. epil. 22 |4.6|
"{usus,congruens}",prud. epil. 22 |4.5|
"{usus,congruo}",prud. epil. 22 |4.5|
"{usus,erilem}",prud. epil. 22 |4.6|
"{usus,erilis}",prud. epil. 22 |4.6|
"{ut,caducis}",prud. epil. 26 |1.4|
"{ut,caducum}",prud. epil. 26 |1.4|
"{ut,caducus}",prud. epil. 26 |1.4|
"{ut,emo}",prud. epil. 24 |1.2|
"{ut,empta}",prud. epil. 24 |1.2|
"{ut,emptum}",prud. epil. 24 |1.2|
"{ut,ligno}",prud. epil. 24 |1.6|
"{ut,lignum}",prud. epil. 24 |1.6|
"{ut,magno}",prud. epil. 24 |1.3|
"{ut,magnus}",prud. epil. 24 |1.3|
"{ut,obsolesco}",prud. epil. 26 |1.2|
"{ut,obsoletum}",prud. epil. 26 |1.2|
"{ut,parata}",prud. epil. 24 |1.5|
"{ut,paratus}",prud. epil. 24 |1.5|
"{ut,paro}",prud. epil. 24 |1.5|
"{ut,sic}",prud. epil. 24 |1.4|
"{ut,uasculum}",prud. epil. 26 |1.3|
"{utor,congruens}",prud. epil. 22 |4.5|
"{utor,congruo}",prud. epil. 22 |4.5|
"{utor,erilem}",prud. epil. 22 |4.6|
"{utor,erilis}",prud. epil. 22 |4.6|
