n-gram (n =3),Location
"{ad,congruens,erilem}",prud. epil. 22 |3.5.6|
"{ad,congruens,erilis}",prud. epil. 22 |3.5.6|
"{ad,congruo,erilem}",prud. epil. 22 |3.5.6|
"{ad,congruo,erilis}",prud. epil. 22 |3.5.6|
"{ad,leuamen,pauper}",prud. epil. 10 |2.3.4|
"{ad,leuamen,pauperum}",prud. epil. 10 |2.3.4|
"{ad,leuamen,possum}",prud. epil. 10 |2.3.5|
"{ad,leuamen,potens}",prud. epil. 10 |2.3.5|
"{ad,leuamen,potentes}",prud. epil. 10 |2.3.5|
"{ad,pauper,possum}",prud. epil. 10 |2.4.5|
"{ad,pauper,potens}",prud. epil. 10 |2.4.5|
"{ad,pauper,potentes}",prud. epil. 10 |2.4.5|
"{ad,pauperum,possum}",prud. epil. 10 |2.4.5|
"{ad,pauperum,potens}",prud. epil. 10 |2.4.5|
"{ad,pauperum,potentes}",prud. epil. 10 |2.4.5|
"{ad,usum,congruens}",prud. epil. 22 |3.4.5|
"{ad,usum,congruo}",prud. epil. 22 |3.4.5|
"{ad,usum,erilem}",prud. epil. 22 |3.4.6|
"{ad,usum,erilis}",prud. epil. 22 |3.4.6|
"{ad,usus,congruens}",prud. epil. 22 |3.4.5|
"{ad,usus,congruo}",prud. epil. 22 |3.4.5|
"{ad,usus,erilem}",prud. epil. 22 |3.4.6|
"{ad,usus,erilis}",prud. epil. 22 |3.4.6|
"{ad,utor,congruens}",prud. epil. 22 |3.4.5|
"{ad,utor,congruo}",prud. epil. 22 |3.4.5|
"{ad,utor,erilem}",prud. epil. 22 |3.4.6|
"{ad,utor,erilis}",prud. epil. 22 |3.4.6|
"{aer,defio,expolio}",prud. epil. 16 |2.3.4|
"{aer,defio,expolita}",prud. epil. 16 |2.3.4|
"{aer,defio,peluis}",prud. epil. 16 |2.3.5|
"{aer,defit,expolio}",prud. epil. 16 |2.3.4|
"{aer,defit,expolita}",prud. epil. 16 |2.3.4|
"{aer,defit,peluis}",prud. epil. 16 |2.3.5|
"{aer,expolio,peluis}",prud. epil. 16 |2.4.5|
"{aer,expolita,peluis}",prud. epil. 16 |2.4.5|
"{aere,defio,expolio}",prud. epil. 16 |2.3.4|
"{aere,defio,expolita}",prud. epil. 16 |2.3.4|
"{aere,defio,peluis}",prud. epil. 16 |2.3.5|
"{aere,defit,expolio}",prud. epil. 16 |2.3.4|
"{aere,defit,expolita}",prud. epil. 16 |2.3.4|
"{aere,defit,peluis}",prud. epil. 16 |2.3.5|
"{aere,expolio,peluis}",prud. epil. 16 |2.4.5|
"{aere,expolita,peluis}",prud. epil. 16 |2.4.5|
"{aes,defio,expolio}",prud. epil. 16 |2.3.4|
"{aes,defio,expolita}",prud. epil. 16 |2.3.4|
"{aes,defio,peluis}",prud. epil. 16 |2.3.5|
"{aes,defit,expolio}",prud. epil. 16 |2.3.4|
"{aes,defit,expolita}",prud. epil. 16 |2.3.4|
"{aes,defit,peluis}",prud. epil. 16 |2.3.5|
"{aes,expolio,peluis}",prud. epil. 16 |2.4.5|
"{aes,expolita,peluis}",prud. epil. 16 |2.4.5|
"{alter,et,pecunia}",prud. epil. 5 |1.2.3|
"{alter,et,pecuniam}",prud. epil. 5 |1.2.3|
"{alto,et,pecunia}",prud. epil. 5 |1.2.3|
"{alto,et,pecuniam}",prud. epil. 5 |1.2.3|
"{ampla,argentea,est}",prud. epil. 18 |3.4.5|
"{ampla,argentea,parapsis}",prud. epil. 18 |3.4.6|
"{ampla,argentea,sum}",prud. epil. 18 |3.4.5|
"{ampla,argenteus,est}",prud. epil. 18 |3.4.5|
"{ampla,argenteus,parapsis}",prud. epil. 18 |3.4.6|
"{ampla,argenteus,sum}",prud. epil. 18 |3.4.5|
"{ampla,est,parapsis}",prud. epil. 18 |3.5.6|
"{ampla,sum,parapsis}",prud. epil. 18 |3.5.6|
"{amplo,argentea,est}",prud. epil. 18 |3.4.5|
"{amplo,argentea,parapsis}",prud. epil. 18 |3.4.6|
"{amplo,argentea,sum}",prud. epil. 18 |3.4.5|
"{amplo,argenteus,est}",prud. epil. 18 |3.4.5|
"{amplo,argenteus,parapsis}",prud. epil. 18 |3.4.6|
"{amplo,argenteus,sum}",prud. epil. 18 |3.4.5|
"{amplo,est,parapsis}",prud. epil. 18 |3.5.6|
"{amplo,sum,parapsis}",prud. epil. 18 |3.5.6|
"{amplus,argentea,est}",prud. epil. 18 |3.4.5|
"{amplus,argentea,parapsis}",prud. epil. 18 |3.4.6|
"{amplus,argentea,sum}",prud. epil. 18 |3.4.5|
"{amplus,argenteus,est}",prud. epil. 18 |3.4.5|
"{amplus,argenteus,parapsis}",prud. epil. 18 |3.4.6|
"{amplus,argenteus,sum}",prud. epil. 18 |3.4.5|
"{amplus,est,parapsis}",prud. epil. 18 |3.5.6|
"{amplus,sum,parapsis}",prud. epil. 18 |3.5.6|
"{approbat,tamen,deus}",prud. epil. 11 |1.2.3|
"{approbo,tamen,deus}",prud. epil. 11 |1.2.3|
"{argentea,est,parapsis}",prud. epil. 18 |4.5.6|
"{argentea,sum,parapsis}",prud. epil. 18 |4.5.6|
"{argenteus,est,parapsis}",prud. epil. 18 |4.5.6|
"{argenteus,sum,parapsis}",prud. epil. 18 |4.5.6|
"{attamen,uel,inferus}",prud. epil. 31 |1.2.3|
"{attamen,uel,infimam}",prud. epil. 31 |1.2.3|
"{aurum,personasse,christum}",prud. epil. 34 |2.3.4|
"{aurum,personasse,christus}",prud. epil. 34 |2.3.4|
"{beata,abundat,intus}",prud. epil. 4 |2.4.5|
"{beata,abundo,intus}",prud. epil. 4 |2.4.5|
"{beata,mens,abundat}",prud. epil. 4 |2.3.4|
"{beata,mens,abundo}",prud. epil. 4 |2.3.4|
"{beata,mens,intus}",prud. epil. 4 |2.3.5|
"{beatum,abundat,intus}",prud. epil. 4 |2.4.5|
"{beatum,abundo,intus}",prud. epil. 4 |2.4.5|
"{beatum,mens,abundat}",prud. epil. 4 |2.3.4|
"{beatum,mens,abundo}",prud. epil. 4 |2.3.4|
"{beatum,mens,intus}",prud. epil. 4 |2.3.5|
"{beatus,abundat,intus}",prud. epil. 4 |2.4.5|
"{beatus,abundo,intus}",prud. epil. 4 |2.4.5|
"{beatus,mens,abundat}",prud. epil. 4 |2.3.4|
"{beatus,mens,abundo}",prud. epil. 4 |2.3.4|
"{beatus,mens,intus}",prud. epil. 4 |2.3.5|
"{beo,abundat,intus}",prud. epil. 4 |2.4.5|
"{beo,abundo,intus}",prud. epil. 4 |2.4.5|
"{beo,mens,abundat}",prud. epil. 4 |2.3.4|
"{beo,mens,abundo}",prud. epil. 4 |2.3.4|
"{beo,mens,intus}",prud. epil. 4 |2.3.5|
"{carmen,benignus,audio}",prud. epil. 12 |2.4.5|
"{carmen,benignus,audit}",prud. epil. 12 |2.4.5|
"{carmen,et,audio}",prud. epil. 12 |2.3.5|
"{carmen,et,audit}",prud. epil. 12 |2.3.5|
"{carmen,et,benignus}",prud. epil. 12 |2.3.4|
"{cauata,et,ulmo}",prud. epil. 20 |4.5.6|
"{cauata,et,ulmus}",prud. epil. 20 |4.5.6|
"{cauo,et,ulmo}",prud. epil. 20 |4.5.6|
"{cauo,et,ulmus}",prud. epil. 20 |4.5.6|
"{christus,aptat,usibus}",prud. epil. 27 |1.2.3|
"{christus,aptat,usus}",prud. epil. 27 |1.2.3|
"{christus,apto,usibus}",prud. epil. 27 |1.2.3|
"{christus,apto,usus}",prud. epil. 27 |1.2.3|
"{defio,expolio,peluis}",prud. epil. 16 |3.4.5|
"{defio,expolita,peluis}",prud. epil. 16 |3.4.5|
"{defit,expolio,peluis}",prud. epil. 16 |3.4.5|
"{defit,expolita,peluis}",prud. epil. 16 |3.4.5|
"{deo,obsequela,praestitisse}",prud. epil. 32 |1.2.3|
"{deo,obsequela,praesto}",prud. epil. 32 |1.2.3|
"{deo,obsequela,prodest}",prud. epil. 32 |1.2.4|
"{deo,obsequela,prodo}",prud. epil. 32 |1.2.4|
"{deo,obsequela,prosum}",prud. epil. 32 |1.2.4|
"{deo,obsequellam,praestitisse}",prud. epil. 32 |1.2.3|
"{deo,obsequellam,praesto}",prud. epil. 32 |1.2.3|
"{deo,obsequellam,prodest}",prud. epil. 32 |1.2.4|
"{deo,obsequellam,prodo}",prud. epil. 32 |1.2.4|
"{deo,obsequellam,prosum}",prud. epil. 32 |1.2.4|
"{deo,praestitisse,prodest}",prud. epil. 32 |1.3.4|
"{deo,praestitisse,prodo}",prud. epil. 32 |1.3.4|
"{deo,praestitisse,prosum}",prud. epil. 32 |1.3.4|
"{deo,praesto,prodest}",prud. epil. 32 |1.3.4|
"{deo,praesto,prodo}",prud. epil. 32 |1.3.4|
"{deo,praesto,prosum}",prud. epil. 32 |1.3.4|
"{deus,obsequela,praestitisse}",prud. epil. 32 |1.2.3|
"{deus,obsequela,praesto}",prud. epil. 32 |1.2.3|
"{deus,obsequela,prodest}",prud. epil. 32 |1.2.4|
"{deus,obsequela,prodo}",prud. epil. 32 |1.2.4|
"{deus,obsequela,prosum}",prud. epil. 32 |1.2.4|
"{deus,obsequellam,praestitisse}",prud. epil. 32 |1.2.3|
"{deus,obsequellam,praesto}",prud. epil. 32 |1.2.3|
"{deus,obsequellam,prodest}",prud. epil. 32 |1.2.4|
"{deus,obsequellam,prodo}",prud. epil. 32 |1.2.4|
"{deus,obsequellam,prosum}",prud. epil. 32 |1.2.4|
"{deus,praestitisse,prodest}",prud. epil. 32 |1.3.4|
"{deus,praestitisse,prodo}",prud. epil. 32 |1.3.4|
"{deus,praestitisse,prosum}",prud. epil. 32 |1.3.4|
"{deus,praesto,prodest}",prud. epil. 32 |1.3.4|
"{deus,praesto,prodo}",prud. epil. 32 |1.3.4|
"{deus,praesto,prosum}",prud. epil. 32 |1.3.4|
"{ego,cieo,iambicos}",prud. epil. 7 |1.2.3|
"{ego,citos,iambicos}",prud. epil. 7 |1.2.3|
"{ego,citus,iambicos}",prud. epil. 7 |1.2.3|
"{ego,in,atrio}",prud. epil. 25 |1.3.4|
"{ego,in,atrium}",prud. epil. 25 |1.3.4|
"{ego,in,atrius}",prud. epil. 25 |1.3.4|
"{ego,paterno,atrio}",prud. epil. 25 |1.2.4|
"{ego,paterno,atrium}",prud. epil. 25 |1.2.4|
"{ego,paterno,atrius}",prud. epil. 25 |1.2.4|
"{ego,paterno,in}",prud. epil. 25 |1.2.3|
"{ego,paternus,atrio}",prud. epil. 25 |1.2.4|
"{ego,paternus,atrium}",prud. epil. 25 |1.2.4|
"{ego,paternus,atrius}",prud. epil. 25 |1.2.4|
"{ego,paternus,in}",prud. epil. 25 |1.2.3|
"{emo,magno,ligno}",prud. epil. 24 |2.3.6|
"{emo,magno,lignum}",prud. epil. 24 |2.3.6|
"{emo,magno,parata}",prud. epil. 24 |2.3.5|
"{emo,magno,paratus}",prud. epil. 24 |2.3.5|
"{emo,magno,paro}",prud. epil. 24 |2.3.5|
"{emo,magno,sic}",prud. epil. 24 |2.3.4|
"{emo,magnus,ligno}",prud. epil. 24 |2.3.6|
"{emo,magnus,lignum}",prud. epil. 24 |2.3.6|
"{emo,magnus,parata}",prud. epil. 24 |2.3.5|
"{emo,magnus,paratus}",prud. epil. 24 |2.3.5|
"{emo,magnus,paro}",prud. epil. 24 |2.3.5|
"{emo,magnus,sic}",prud. epil. 24 |2.3.4|
"{emo,parata,ligno}",prud. epil. 24 |2.5.6|
"{emo,parata,lignum}",prud. epil. 24 |2.5.6|
"{emo,paratus,ligno}",prud. epil. 24 |2.5.6|
"{emo,paratus,lignum}",prud. epil. 24 |2.5.6|
"{emo,paro,ligno}",prud. epil. 24 |2.5.6|
"{emo,paro,lignum}",prud. epil. 24 |2.5.6|
"{emo,sic,ligno}",prud. epil. 24 |2.4.6|
"{emo,sic,lignum}",prud. epil. 24 |2.4.6|
"{emo,sic,parata}",prud. epil. 24 |2.4.5|
"{emo,sic,paratus}",prud. epil. 24 |2.4.5|
"{emo,sic,paro}",prud. epil. 24 |2.4.5|
"{empta,magno,ligno}",prud. epil. 24 |2.3.6|
"{empta,magno,lignum}",prud. epil. 24 |2.3.6|
"{empta,magno,parata}",prud. epil. 24 |2.3.5|
"{empta,magno,paratus}",prud. epil. 24 |2.3.5|
"{empta,magno,paro}",prud. epil. 24 |2.3.5|
"{empta,magno,sic}",prud. epil. 24 |2.3.4|
"{empta,magnus,ligno}",prud. epil. 24 |2.3.6|
"{empta,magnus,lignum}",prud. epil. 24 |2.3.6|
"{empta,magnus,parata}",prud. epil. 24 |2.3.5|
"{empta,magnus,paratus}",prud. epil. 24 |2.3.5|
"{empta,magnus,paro}",prud. epil. 24 |2.3.5|
"{empta,magnus,sic}",prud. epil. 24 |2.3.4|
"{empta,parata,ligno}",prud. epil. 24 |2.5.6|
"{empta,parata,lignum}",prud. epil. 24 |2.5.6|
"{empta,paratus,ligno}",prud. epil. 24 |2.5.6|
"{empta,paratus,lignum}",prud. epil. 24 |2.5.6|
"{empta,paro,ligno}",prud. epil. 24 |2.5.6|
"{empta,paro,lignum}",prud. epil. 24 |2.5.6|
"{empta,sic,ligno}",prud. epil. 24 |2.4.6|
"{empta,sic,lignum}",prud. epil. 24 |2.4.6|
"{empta,sic,parata}",prud. epil. 24 |2.4.5|
"{empta,sic,paratus}",prud. epil. 24 |2.4.5|
"{empta,sic,paro}",prud. epil. 24 |2.4.5|
"{emptum,magno,ligno}",prud. epil. 24 |2.3.6|
"{emptum,magno,lignum}",prud. epil. 24 |2.3.6|
"{emptum,magno,parata}",prud. epil. 24 |2.3.5|
"{emptum,magno,paratus}",prud. epil. 24 |2.3.5|
"{emptum,magno,paro}",prud. epil. 24 |2.3.5|
"{emptum,magno,sic}",prud. epil. 24 |2.3.4|
"{emptum,magnus,ligno}",prud. epil. 24 |2.3.6|
"{emptum,magnus,lignum}",prud. epil. 24 |2.3.6|
"{emptum,magnus,parata}",prud. epil. 24 |2.3.5|
"{emptum,magnus,paratus}",prud. epil. 24 |2.3.5|
"{emptum,magnus,paro}",prud. epil. 24 |2.3.5|
"{emptum,magnus,sic}",prud. epil. 24 |2.3.4|
"{emptum,parata,ligno}",prud. epil. 24 |2.5.6|
"{emptum,parata,lignum}",prud. epil. 24 |2.5.6|
"{emptum,paratus,ligno}",prud. epil. 24 |2.5.6|
"{emptum,paratus,lignum}",prud. epil. 24 |2.5.6|
"{emptum,paro,ligno}",prud. epil. 24 |2.5.6|
"{emptum,paro,lignum}",prud. epil. 24 |2.5.6|
"{emptum,sic,ligno}",prud. epil. 24 |2.4.6|
"{emptum,sic,lignum}",prud. epil. 24 |2.4.6|
"{emptum,sic,parata}",prud. epil. 24 |2.4.5|
"{emptum,sic,paratus}",prud. epil. 24 |2.4.5|
"{emptum,sic,paro}",prud. epil. 24 |2.4.5|
"{est,ad,congruens}",prud. epil. 22 |2.3.5|
"{est,ad,congruo}",prud. epil. 22 |2.3.5|
"{est,ad,erilem}",prud. epil. 22 |2.3.6|
"{est,ad,erilis}",prud. epil. 22 |2.3.6|
"{est,ad,usum}",prud. epil. 22 |2.3.4|
"{est,ad,usus}",prud. epil. 22 |2.3.4|
"{est,ad,utor}",prud. epil. 22 |2.3.4|
"{est,angulos,supellex}",prud. epil. 14 |2.5.6|
"{est,angulus,supellex}",prud. epil. 14 |2.5.6|
"{est,congruens,erilem}",prud. epil. 22 |2.5.6|
"{est,congruens,erilis}",prud. epil. 22 |2.5.6|
"{est,congruo,erilem}",prud. epil. 22 |2.5.6|
"{est,congruo,erilis}",prud. epil. 22 |2.5.6|
"{est,et,fictilis}",prud. epil. 17 |1.2.4|
"{est,et,ille}",prud. epil. 17 |1.2.3|
"{est,et,olla}",prud. epil. 17 |1.2.3|
"{est,et,ollus}",prud. epil. 17 |1.2.3|
"{est,ille,fictilis}",prud. epil. 17 |1.3.4|
"{est,olla,fictilis}",prud. epil. 17 |1.3.4|
"{est,ollus,fictilis}",prud. epil. 17 |1.3.4|
"{est,omnes,angulos}",prud. epil. 14 |2.4.5|
"{est,omnes,angulus}",prud. epil. 14 |2.4.5|
"{est,omnes,supellex}",prud. epil. 14 |2.4.6|
"{est,omnis,angulos}",prud. epil. 14 |2.4.5|
"{est,omnis,angulus}",prud. epil. 14 |2.4.5|
"{est,omnis,supellex}",prud. epil. 14 |2.4.6|
"{est,per,angulos}",prud. epil. 14 |2.3.5|
"{est,per,angulus}",prud. epil. 14 |2.3.5|
"{est,per,omnes}",prud. epil. 14 |2.3.4|
"{est,per,omnis}",prud. epil. 14 |2.3.4|
"{est,per,supellex}",prud. epil. 14 |2.3.6|
"{est,usum,congruens}",prud. epil. 22 |2.4.5|
"{est,usum,congruo}",prud. epil. 22 |2.4.5|
"{est,usum,erilem}",prud. epil. 22 |2.4.6|
"{est,usum,erilis}",prud. epil. 22 |2.4.6|
"{est,usus,congruens}",prud. epil. 22 |2.4.5|
"{est,usus,congruo}",prud. epil. 22 |2.4.5|
"{est,usus,erilem}",prud. epil. 22 |2.4.6|
"{est,usus,erilis}",prud. epil. 22 |2.4.6|
"{est,utor,congruens}",prud. epil. 22 |2.4.5|
"{est,utor,congruo}",prud. epil. 22 |2.4.5|
"{est,utor,erilem}",prud. epil. 22 |2.4.6|
"{est,utor,erilis}",prud. epil. 22 |2.4.6|
"{et,ampla,argentea}",prud. epil. 18 |2.3.4|
"{et,ampla,argenteus}",prud. epil. 18 |2.3.4|
"{et,ampla,est}",prud. epil. 18 |2.3.5|
"{et,ampla,parapsis}",prud. epil. 18 |2.3.6|
"{et,ampla,sum}",prud. epil. 18 |2.3.5|
"{et,amplo,argentea}",prud. epil. 18 |2.3.4|
"{et,amplo,argenteus}",prud. epil. 18 |2.3.4|
"{et,amplo,est}",prud. epil. 18 |2.3.5|
"{et,amplo,parapsis}",prud. epil. 18 |2.3.6|
"{et,amplo,sum}",prud. epil. 18 |2.3.5|
"{et,amplus,argentea}",prud. epil. 18 |2.3.4|
"{et,amplus,argenteus}",prud. epil. 18 |2.3.4|
"{et,amplus,est}",prud. epil. 18 |2.3.5|
"{et,amplus,parapsis}",prud. epil. 18 |2.3.6|
"{et,amplus,sum}",prud. epil. 18 |2.3.5|
"{et,argentea,est}",prud. epil. 18 |2.4.5|
"{et,argentea,parapsis}",prud. epil. 18 |2.4.6|
"{et,argentea,sum}",prud. epil. 18 |2.4.5|
"{et,argenteus,est}",prud. epil. 18 |2.4.5|
"{et,argenteus,parapsis}",prud. epil. 18 |2.4.6|
"{et,argenteus,sum}",prud. epil. 18 |2.4.5|
"{et,benignus,audio}",prud. epil. 12 |3.4.5|
"{et,benignus,audit}",prud. epil. 12 |3.4.5|
"{et,est,parapsis}",prud. epil. 18 |2.5.6|
"{et,ille,fictilis}",prud. epil. 17 |2.3.4|
"{et,olla,fictilis}",prud. epil. 17 |2.3.4|
"{et,ollus,fictilis}",prud. epil. 17 |2.3.4|
"{et,rotatiles,trochaeos}",prud. epil. 8 |2.3.4|
"{et,rotatiles,trochaeus}",prud. epil. 8 |2.3.4|
"{et,rotatilis,trochaeos}",prud. epil. 8 |2.3.4|
"{et,rotatilis,trochaeus}",prud. epil. 8 |2.3.4|
"{et,sum,parapsis}",prud. epil. 18 |2.5.6|
"{fidelis,innocens,pudicus}",prud. epil. 2 |2.3.4|
"{fulgeo,aureus,scyphus}",prud. epil. 15 |1.2.3|
"{fulget,aureus,scyphus}",prud. epil. 15 |1.2.3|
"{grauis,ampla,argentea}",prud. epil. 18 |1.3.4|
"{grauis,ampla,argenteus}",prud. epil. 18 |1.3.4|
"{grauis,ampla,est}",prud. epil. 18 |1.3.5|
"{grauis,ampla,parapsis}",prud. epil. 18 |1.3.6|
"{grauis,ampla,sum}",prud. epil. 18 |1.3.5|
"{grauis,amplo,argentea}",prud. epil. 18 |1.3.4|
"{grauis,amplo,argenteus}",prud. epil. 18 |1.3.4|
"{grauis,amplo,est}",prud. epil. 18 |1.3.5|
"{grauis,amplo,parapsis}",prud. epil. 18 |1.3.6|
"{grauis,amplo,sum}",prud. epil. 18 |1.3.5|
"{grauis,amplus,argentea}",prud. epil. 18 |1.3.4|
"{grauis,amplus,argenteus}",prud. epil. 18 |1.3.4|
"{grauis,amplus,est}",prud. epil. 18 |1.3.5|
"{grauis,amplus,parapsis}",prud. epil. 18 |1.3.6|
"{grauis,amplus,sum}",prud. epil. 18 |1.3.5|
"{grauis,argentea,est}",prud. epil. 18 |1.4.5|
"{grauis,argentea,parapsis}",prud. epil. 18 |1.4.6|
"{grauis,argentea,sum}",prud. epil. 18 |1.4.5|
"{grauis,argenteus,est}",prud. epil. 18 |1.4.5|
"{grauis,argenteus,parapsis}",prud. epil. 18 |1.4.6|
"{grauis,argenteus,sum}",prud. epil. 18 |1.4.5|
"{grauis,est,parapsis}",prud. epil. 18 |1.5.6|
"{grauis,et,ampla}",prud. epil. 18 |1.2.3|
"{grauis,et,amplo}",prud. epil. 18 |1.2.3|
"{grauis,et,amplus}",prud. epil. 18 |1.2.3|
"{grauis,et,argentea}",prud. epil. 18 |1.2.4|
"{grauis,et,argenteus}",prud. epil. 18 |1.2.4|
"{grauis,et,est}",prud. epil. 18 |1.2.5|
"{grauis,et,parapsis}",prud. epil. 18 |1.2.6|
"{grauis,et,sum}",prud. epil. 18 |1.2.5|
"{grauis,sum,parapsis}",prud. epil. 18 |1.5.6|
"{grauisque,ampla,argentea}",prud. epil. 18 |1.3.4|
"{grauisque,ampla,argenteus}",prud. epil. 18 |1.3.4|
"{grauisque,ampla,est}",prud. epil. 18 |1.3.5|
"{grauisque,ampla,parapsis}",prud. epil. 18 |1.3.6|
"{grauisque,ampla,sum}",prud. epil. 18 |1.3.5|
"{grauisque,amplo,argentea}",prud. epil. 18 |1.3.4|
"{grauisque,amplo,argenteus}",prud. epil. 18 |1.3.4|
"{grauisque,amplo,est}",prud. epil. 18 |1.3.5|
"{grauisque,amplo,parapsis}",prud. epil. 18 |1.3.6|
"{grauisque,amplo,sum}",prud. epil. 18 |1.3.5|
"{grauisque,amplus,argentea}",prud. epil. 18 |1.3.4|
"{grauisque,amplus,argenteus}",prud. epil. 18 |1.3.4|
"{grauisque,amplus,est}",prud. epil. 18 |1.3.5|
"{grauisque,amplus,parapsis}",prud. epil. 18 |1.3.6|
"{grauisque,amplus,sum}",prud. epil. 18 |1.3.5|
"{grauisque,argentea,est}",prud. epil. 18 |1.4.5|
"{grauisque,argentea,parapsis}",prud. epil. 18 |1.4.6|
"{grauisque,argentea,sum}",prud. epil. 18 |1.4.5|
"{grauisque,argenteus,est}",prud. epil. 18 |1.4.5|
"{grauisque,argenteus,parapsis}",prud. epil. 18 |1.4.6|
"{grauisque,argenteus,sum}",prud. epil. 18 |1.4.5|
"{grauisque,est,parapsis}",prud. epil. 18 |1.5.6|
"{grauisque,et,ampla}",prud. epil. 18 |1.2.3|
"{grauisque,et,amplo}",prud. epil. 18 |1.2.3|
"{grauisque,et,amplus}",prud. epil. 18 |1.2.3|
"{grauisque,et,argentea}",prud. epil. 18 |1.2.4|
"{grauisque,et,argenteus}",prud. epil. 18 |1.2.4|
"{grauisque,et,est}",prud. epil. 18 |1.2.5|
"{grauisque,et,parapsis}",prud. epil. 18 |1.2.6|
"{grauisque,et,sum}",prud. epil. 18 |1.2.5|
"{grauisque,sum,parapsis}",prud. epil. 18 |1.5.6|
"{in,anguli,maneo}",prud. epil. 28 |3.4.5|
"{in,anguli,manere}",prud. epil. 28 |3.4.5|
"{in,anguli,mano}",prud. epil. 28 |3.4.5|
"{in,angulus,maneo}",prud. epil. 28 |3.4.5|
"{in,angulus,manere}",prud. epil. 28 |3.4.5|
"{in,angulus,mano}",prud. epil. 28 |3.4.5|
"{ineo,intra,regia}",prud. epil. 30 |1.2.3|
"{ineo,intra,regiam}",prud. epil. 30 |1.2.3|
"{ineo,intra,regius}",prud. epil. 30 |1.2.3|
"{ineo,intra,salus}",prud. epil. 30 |1.2.4|
"{ineo,intra,salutis}",prud. epil. 30 |1.2.4|
"{ineo,intro,regia}",prud. epil. 30 |1.2.3|
"{ineo,intro,regiam}",prud. epil. 30 |1.2.3|
"{ineo,intro,regius}",prud. epil. 30 |1.2.3|
"{ineo,intro,salus}",prud. epil. 30 |1.2.4|
"{ineo,intro,salutis}",prud. epil. 30 |1.2.4|
"{ineo,regia,salus}",prud. epil. 30 |1.3.4|
"{ineo,regia,salutis}",prud. epil. 30 |1.3.4|
"{ineo,regiam,salus}",prud. epil. 30 |1.3.4|
"{ineo,regiam,salutis}",prud. epil. 30 |1.3.4|
"{ineo,regius,salus}",prud. epil. 30 |1.3.4|
"{ineo,regius,salutis}",prud. epil. 30 |1.3.4|
"{inimus,intra,regia}",prud. epil. 30 |1.2.3|
"{inimus,intra,regiam}",prud. epil. 30 |1.2.3|
"{inimus,intra,regius}",prud. epil. 30 |1.2.3|
"{inimus,intra,salus}",prud. epil. 30 |1.2.4|
"{inimus,intra,salutis}",prud. epil. 30 |1.2.4|
"{inimus,intro,regia}",prud. epil. 30 |1.2.3|
"{inimus,intro,regiam}",prud. epil. 30 |1.2.3|
"{inimus,intro,regius}",prud. epil. 30 |1.2.3|
"{inimus,intro,salus}",prud. epil. 30 |1.2.4|
"{inimus,intro,salutis}",prud. epil. 30 |1.2.4|
"{inimus,regia,salus}",prud. epil. 30 |1.3.4|
"{inimus,regia,salutis}",prud. epil. 30 |1.3.4|
"{inimus,regiam,salus}",prud. epil. 30 |1.3.4|
"{inimus,regiam,salutis}",prud. epil. 30 |1.3.4|
"{inimus,regius,salus}",prud. epil. 30 |1.3.4|
"{inimus,regius,salutis}",prud. epil. 30 |1.3.4|
"{inmolat,deo,pater}",prud. epil. 1 |1.2.3|
"{inmolat,deo,patri}",prud. epil. 1 |1.2.3|
"{inmolat,deo,patrium}",prud. epil. 1 |1.2.3|
"{inmolat,deo,patrius}",prud. epil. 1 |1.2.3|
"{inmolat,deus,pater}",prud. epil. 1 |1.2.3|
"{inmolat,deus,patri}",prud. epil. 1 |1.2.3|
"{inmolat,deus,patrium}",prud. epil. 1 |1.2.3|
"{inmolat,deus,patrius}",prud. epil. 1 |1.2.3|
"{inmolo,deo,pater}",prud. epil. 1 |1.2.3|
"{inmolo,deo,patri}",prud. epil. 1 |1.2.3|
"{inmolo,deo,patrium}",prud. epil. 1 |1.2.3|
"{inmolo,deo,patrius}",prud. epil. 1 |1.2.3|
"{inmolo,deus,pater}",prud. epil. 1 |1.2.3|
"{inmolo,deus,patri}",prud. epil. 1 |1.2.3|
"{inmolo,deus,patrium}",prud. epil. 1 |1.2.3|
"{inmolo,deus,patrius}",prud. epil. 1 |1.2.3|
"{instruo,enim,domum}",prud. epil. 23 |1.2.3|
"{instruo,enim,domus}",prud. epil. 23 |1.2.3|
"{instruunt,enim,domum}",prud. epil. 23 |1.2.3|
"{instruunt,enim,domus}",prud. epil. 23 |1.2.3|
"{intra,regia,salus}",prud. epil. 30 |2.3.4|
"{intra,regia,salutis}",prud. epil. 30 |2.3.4|
"{intra,regiam,salus}",prud. epil. 30 |2.3.4|
"{intra,regiam,salutis}",prud. epil. 30 |2.3.4|
"{intra,regius,salus}",prud. epil. 30 |2.3.4|
"{intra,regius,salutis}",prud. epil. 30 |2.3.4|
"{intro,regia,salus}",prud. epil. 30 |2.3.4|
"{intro,regia,salutis}",prud. epil. 30 |2.3.4|
"{intro,regiam,salus}",prud. epil. 30 |2.3.4|
"{intro,regiam,salutis}",prud. epil. 30 |2.3.4|
"{intro,regius,salus}",prud. epil. 30 |2.3.4|
"{intro,regius,salutis}",prud. epil. 30 |2.3.4|
"{iuuabit,aurum,christum}",prud. epil. 34 |1.2.4|
"{iuuabit,aurum,christus}",prud. epil. 34 |1.2.4|
"{iuuabit,aurum,personasse}",prud. epil. 34 |1.2.3|
"{iuuabit,ore,christum}",prud. epil. 34 |1.2.4|
"{iuuabit,ore,christus}",prud. epil. 34 |1.2.4|
"{iuuabit,ore,personasse}",prud. epil. 34 |1.2.3|
"{iuuabit,os,christum}",prud. epil. 34 |1.2.4|
"{iuuabit,os,christus}",prud. epil. 34 |1.2.4|
"{iuuabit,os,personasse}",prud. epil. 34 |1.2.3|
"{iuuabit,personasse,christum}",prud. epil. 34 |1.3.4|
"{iuuabit,personasse,christus}",prud. epil. 34 |1.3.4|
"{iuuo,aurum,christum}",prud. epil. 34 |1.2.4|
"{iuuo,aurum,christus}",prud. epil. 34 |1.2.4|
"{iuuo,aurum,personasse}",prud. epil. 34 |1.2.3|
"{iuuo,ore,christum}",prud. epil. 34 |1.2.4|
"{iuuo,ore,christus}",prud. epil. 34 |1.2.4|
"{iuuo,ore,personasse}",prud. epil. 34 |1.2.3|
"{iuuo,os,christum}",prud. epil. 34 |1.2.4|
"{iuuo,os,christus}",prud. epil. 34 |1.2.4|
"{iuuo,os,personasse}",prud. epil. 34 |1.2.3|
"{iuuo,personasse,christum}",prud. epil. 34 |1.3.4|
"{iuuo,personasse,christus}",prud. epil. 34 |1.3.4|
"{leuamen,pauper,possum}",prud. epil. 10 |3.4.5|
"{leuamen,pauper,potens}",prud. epil. 10 |3.4.5|
"{leuamen,pauper,potentes}",prud. epil. 10 |3.4.5|
"{leuamen,pauperum,possum}",prud. epil. 10 |3.4.5|
"{leuamen,pauperum,potens}",prud. epil. 10 |3.4.5|
"{leuamen,pauperum,potentes}",prud. epil. 10 |3.4.5|
"{magno,parata,ligno}",prud. epil. 24 |3.5.6|
"{magno,parata,lignum}",prud. epil. 24 |3.5.6|
"{magno,paratus,ligno}",prud. epil. 24 |3.5.6|
"{magno,paratus,lignum}",prud. epil. 24 |3.5.6|
"{magno,paro,ligno}",prud. epil. 24 |3.5.6|
"{magno,paro,lignum}",prud. epil. 24 |3.5.6|
"{magno,sic,ligno}",prud. epil. 24 |3.4.6|
"{magno,sic,lignum}",prud. epil. 24 |3.4.6|
"{magno,sic,parata}",prud. epil. 24 |3.4.5|
"{magno,sic,paratus}",prud. epil. 24 |3.4.5|
"{magno,sic,paro}",prud. epil. 24 |3.4.5|
"{magnus,parata,ligno}",prud. epil. 24 |3.5.6|
"{magnus,parata,lignum}",prud. epil. 24 |3.5.6|
"{magnus,paratus,ligno}",prud. epil. 24 |3.5.6|
"{magnus,paratus,lignum}",prud. epil. 24 |3.5.6|
"{magnus,paro,ligno}",prud. epil. 24 |3.5.6|
"{magnus,paro,lignum}",prud. epil. 24 |3.5.6|
"{magnus,sic,ligno}",prud. epil. 24 |3.4.6|
"{magnus,sic,lignum}",prud. epil. 24 |3.4.6|
"{magnus,sic,parata}",prud. epil. 24 |3.4.5|
"{magnus,sic,paratus}",prud. epil. 24 |3.4.5|
"{magnus,sic,paro}",prud. epil. 24 |3.4.5|
"{me,in,atrio}",prud. epil. 25 |1.3.4|
"{me,in,atrium}",prud. epil. 25 |1.3.4|
"{me,in,atrius}",prud. epil. 25 |1.3.4|
"{me,paterno,atrio}",prud. epil. 25 |1.2.4|
"{me,paterno,atrium}",prud. epil. 25 |1.2.4|
"{me,paterno,atrius}",prud. epil. 25 |1.2.4|
"{me,paterno,in}",prud. epil. 25 |1.2.3|
"{me,paternus,atrio}",prud. epil. 25 |1.2.4|
"{me,paternus,atrium}",prud. epil. 25 |1.2.4|
"{me,paternus,atrius}",prud. epil. 25 |1.2.4|
"{me,paternus,in}",prud. epil. 25 |1.2.3|
"{mens,abundat,intus}",prud. epil. 4 |3.4.5|
"{mens,abundo,intus}",prud. epil. 4 |3.4.5|
"{multa,diues,domo}",prud. epil. 13 |1.2.3|
"{multa,diues,domus}",prud. epil. 13 |1.2.3|
"{multa,diuitis,domo}",prud. epil. 13 |1.2.3|
"{multa,diuitis,domus}",prud. epil. 13 |1.2.3|
"{multo,diues,domo}",prud. epil. 13 |1.2.3|
"{multo,diues,domus}",prud. epil. 13 |1.2.3|
"{multo,diuitis,domo}",prud. epil. 13 |1.2.3|
"{multo,diuitis,domus}",prud. epil. 13 |1.2.3|
"{multus,diues,domo}",prud. epil. 13 |1.2.3|
"{multus,diues,domus}",prud. epil. 13 |1.2.3|
"{multus,diuitis,domo}",prud. epil. 13 |1.2.3|
"{multus,diuitis,domus}",prud. epil. 13 |1.2.3|
"{munus,ecce,fictile}",prud. epil. 29 |1.2.3|
"{munus,ecce,fictilis}",prud. epil. 29 |1.2.3|
"{nec,ad,leuamen}",prud. epil. 10 |1.2.3|
"{nec,ad,pauper}",prud. epil. 10 |1.2.4|
"{nec,ad,pauperum}",prud. epil. 10 |1.2.4|
"{nec,ad,possum}",prud. epil. 10 |1.2.5|
"{nec,ad,potens}",prud. epil. 10 |1.2.5|
"{nec,ad,potentes}",prud. epil. 10 |1.2.5|
"{nec,aer,defio}",prud. epil. 16 |1.2.3|
"{nec,aer,defit}",prud. epil. 16 |1.2.3|
"{nec,aer,expolio}",prud. epil. 16 |1.2.4|
"{nec,aer,expolita}",prud. epil. 16 |1.2.4|
"{nec,aer,peluis}",prud. epil. 16 |1.2.5|
"{nec,aere,defio}",prud. epil. 16 |1.2.3|
"{nec,aere,defit}",prud. epil. 16 |1.2.3|
"{nec,aere,expolio}",prud. epil. 16 |1.2.4|
"{nec,aere,expolita}",prud. epil. 16 |1.2.4|
"{nec,aere,peluis}",prud. epil. 16 |1.2.5|
"{nec,aes,defio}",prud. epil. 16 |1.2.3|
"{nec,aes,defit}",prud. epil. 16 |1.2.3|
"{nec,aes,expolio}",prud. epil. 16 |1.2.4|
"{nec,aes,expolita}",prud. epil. 16 |1.2.4|
"{nec,aes,peluis}",prud. epil. 16 |1.2.5|
"{nec,defio,expolio}",prud. epil. 16 |1.3.4|
"{nec,defio,expolita}",prud. epil. 16 |1.3.4|
"{nec,defio,peluis}",prud. epil. 16 |1.3.5|
"{nec,defit,expolio}",prud. epil. 16 |1.3.4|
"{nec,defit,expolita}",prud. epil. 16 |1.3.4|
"{nec,defit,peluis}",prud. epil. 16 |1.3.5|
"{nec,expolio,peluis}",prud. epil. 16 |1.4.5|
"{nec,expolita,peluis}",prud. epil. 16 |1.4.5|
"{nec,leuamen,pauper}",prud. epil. 10 |1.3.4|
"{nec,leuamen,pauperum}",prud. epil. 10 |1.3.4|
"{nec,leuamen,possum}",prud. epil. 10 |1.3.5|
"{nec,leuamen,potens}",prud. epil. 10 |1.3.5|
"{nec,leuamen,potentes}",prud. epil. 10 |1.3.5|
"{nec,pauper,possum}",prud. epil. 10 |1.4.5|
"{nec,pauper,potens}",prud. epil. 10 |1.4.5|
"{nec,pauper,potentes}",prud. epil. 10 |1.4.5|
"{nec,pauperum,possum}",prud. epil. 10 |1.4.5|
"{nec,pauperum,potens}",prud. epil. 10 |1.4.5|
"{nec,pauperum,potentes}",prud. epil. 10 |1.4.5|
"{neque,ad,leuamen}",prud. epil. 10 |1.2.3|
"{neque,ad,pauper}",prud. epil. 10 |1.2.4|
"{neque,ad,pauperum}",prud. epil. 10 |1.2.4|
"{neque,ad,possum}",prud. epil. 10 |1.2.5|
"{neque,ad,potens}",prud. epil. 10 |1.2.5|
"{neque,ad,potentes}",prud. epil. 10 |1.2.5|
"{neque,aer,defio}",prud. epil. 16 |1.2.3|
"{neque,aer,defit}",prud. epil. 16 |1.2.3|
"{neque,aer,expolio}",prud. epil. 16 |1.2.4|
"{neque,aer,expolita}",prud. epil. 16 |1.2.4|
"{neque,aer,peluis}",prud. epil. 16 |1.2.5|
"{neque,aere,defio}",prud. epil. 16 |1.2.3|
"{neque,aere,defit}",prud. epil. 16 |1.2.3|
"{neque,aere,expolio}",prud. epil. 16 |1.2.4|
"{neque,aere,expolita}",prud. epil. 16 |1.2.4|
"{neque,aere,peluis}",prud. epil. 16 |1.2.5|
"{neque,aes,defio}",prud. epil. 16 |1.2.3|
"{neque,aes,defit}",prud. epil. 16 |1.2.3|
"{neque,aes,expolio}",prud. epil. 16 |1.2.4|
"{neque,aes,expolita}",prud. epil. 16 |1.2.4|
"{neque,aes,peluis}",prud. epil. 16 |1.2.5|
"{neque,defio,expolio}",prud. epil. 16 |1.3.4|
"{neque,defio,expolita}",prud. epil. 16 |1.3.4|
"{neque,defio,peluis}",prud. epil. 16 |1.3.5|
"{neque,defit,expolio}",prud. epil. 16 |1.3.4|
"{neque,defit,expolita}",prud. epil. 16 |1.3.4|
"{neque,defit,peluis}",prud. epil. 16 |1.3.5|
"{neque,expolio,peluis}",prud. epil. 16 |1.4.5|
"{neque,expolita,peluis}",prud. epil. 16 |1.4.5|
"{neque,leuamen,pauper}",prud. epil. 10 |1.3.4|
"{neque,leuamen,pauperum}",prud. epil. 10 |1.3.4|
"{neque,leuamen,possum}",prud. epil. 10 |1.3.5|
"{neque,leuamen,potens}",prud. epil. 10 |1.3.5|
"{neque,leuamen,potentes}",prud. epil. 10 |1.3.5|
"{neque,pauper,possum}",prud. epil. 10 |1.4.5|
"{neque,pauper,potens}",prud. epil. 10 |1.4.5|
"{neque,pauper,potentes}",prud. epil. 10 |1.4.5|
"{neque,pauperum,possum}",prud. epil. 10 |1.4.5|
"{neque,pauperum,potens}",prud. epil. 10 |1.4.5|
"{neque,pauperum,potentes}",prud. epil. 10 |1.4.5|
"{nonnulla,cauata,et}",prud. epil. 20 |1.4.5|
"{nonnulla,cauata,ulmo}",prud. epil. 20 |1.4.6|
"{nonnulla,cauata,ulmus}",prud. epil. 20 |1.4.6|
"{nonnulla,cauo,et}",prud. epil. 20 |1.4.5|
"{nonnulla,cauo,ulmo}",prud. epil. 20 |1.4.6|
"{nonnulla,cauo,ulmus}",prud. epil. 20 |1.4.6|
"{nonnulla,et,ulmo}",prud. epil. 20 |1.5.6|
"{nonnulla,et,ulmus}",prud. epil. 20 |1.5.6|
"{nonnulla,quercu,cauata}",prud. epil. 20 |1.2.4|
"{nonnulla,quercu,cauo}",prud. epil. 20 |1.2.4|
"{nonnulla,quercu,et}",prud. epil. 20 |1.2.5|
"{nonnulla,quercu,sum}",prud. epil. 20 |1.2.3|
"{nonnulla,quercu,sunt}",prud. epil. 20 |1.2.3|
"{nonnulla,quercu,ulmo}",prud. epil. 20 |1.2.6|
"{nonnulla,quercu,ulmus}",prud. epil. 20 |1.2.6|
"{nonnulla,quercus,cauata}",prud. epil. 20 |1.2.4|
"{nonnulla,quercus,cauo}",prud. epil. 20 |1.2.4|
"{nonnulla,quercus,et}",prud. epil. 20 |1.2.5|
"{nonnulla,quercus,sum}",prud. epil. 20 |1.2.3|
"{nonnulla,quercus,sunt}",prud. epil. 20 |1.2.3|
"{nonnulla,quercus,ulmo}",prud. epil. 20 |1.2.6|
"{nonnulla,quercus,ulmus}",prud. epil. 20 |1.2.6|
"{nonnulla,sum,cauata}",prud. epil. 20 |1.3.4|
"{nonnulla,sum,cauo}",prud. epil. 20 |1.3.4|
"{nonnulla,sum,et}",prud. epil. 20 |1.3.5|
"{nonnulla,sum,ulmo}",prud. epil. 20 |1.3.6|
"{nonnulla,sum,ulmus}",prud. epil. 20 |1.3.6|
"{nonnulla,sunt,cauata}",prud. epil. 20 |1.3.4|
"{nonnulla,sunt,cauo}",prud. epil. 20 |1.3.4|
"{nonnulla,sunt,et}",prud. epil. 20 |1.3.5|
"{nonnulla,sunt,ulmo}",prud. epil. 20 |1.3.6|
"{nonnulla,sunt,ulmus}",prud. epil. 20 |1.3.6|
"{nonnullus,cauata,et}",prud. epil. 20 |1.4.5|
"{nonnullus,cauata,ulmo}",prud. epil. 20 |1.4.6|
"{nonnullus,cauata,ulmus}",prud. epil. 20 |1.4.6|
"{nonnullus,cauo,et}",prud. epil. 20 |1.4.5|
"{nonnullus,cauo,ulmo}",prud. epil. 20 |1.4.6|
"{nonnullus,cauo,ulmus}",prud. epil. 20 |1.4.6|
"{nonnullus,et,ulmo}",prud. epil. 20 |1.5.6|
"{nonnullus,et,ulmus}",prud. epil. 20 |1.5.6|
"{nonnullus,quercu,cauata}",prud. epil. 20 |1.2.4|
"{nonnullus,quercu,cauo}",prud. epil. 20 |1.2.4|
"{nonnullus,quercu,et}",prud. epil. 20 |1.2.5|
"{nonnullus,quercu,sum}",prud. epil. 20 |1.2.3|
"{nonnullus,quercu,sunt}",prud. epil. 20 |1.2.3|
"{nonnullus,quercu,ulmo}",prud. epil. 20 |1.2.6|
"{nonnullus,quercu,ulmus}",prud. epil. 20 |1.2.6|
"{nonnullus,quercus,cauata}",prud. epil. 20 |1.2.4|
"{nonnullus,quercus,cauo}",prud. epil. 20 |1.2.4|
"{nonnullus,quercus,et}",prud. epil. 20 |1.2.5|
"{nonnullus,quercus,sum}",prud. epil. 20 |1.2.3|
"{nonnullus,quercus,sunt}",prud. epil. 20 |1.2.3|
"{nonnullus,quercus,ulmo}",prud. epil. 20 |1.2.6|
"{nonnullus,quercus,ulmus}",prud. epil. 20 |1.2.6|
"{nonnullus,sum,cauata}",prud. epil. 20 |1.3.4|
"{nonnullus,sum,cauo}",prud. epil. 20 |1.3.4|
"{nonnullus,sum,et}",prud. epil. 20 |1.3.5|
"{nonnullus,sum,ulmo}",prud. epil. 20 |1.3.6|
"{nonnullus,sum,ulmus}",prud. epil. 20 |1.3.6|
"{nonnullus,sunt,cauata}",prud. epil. 20 |1.3.4|
"{nonnullus,sunt,cauo}",prud. epil. 20 |1.3.4|
"{nonnullus,sunt,et}",prud. epil. 20 |1.3.5|
"{nonnullus,sunt,ulmo}",prud. epil. 20 |1.3.6|
"{nonnullus,sunt,ulmus}",prud. epil. 20 |1.3.6|
"{nos,cieo,iambicos}",prud. epil. 7 |1.2.3|
"{nos,citos,iambicos}",prud. epil. 7 |1.2.3|
"{nos,citus,iambicos}",prud. epil. 7 |1.2.3|
"{obsequela,praestitisse,prodest}",prud. epil. 32 |2.3.4|
"{obsequela,praestitisse,prodo}",prud. epil. 32 |2.3.4|
"{obsequela,praestitisse,prosum}",prud. epil. 32 |2.3.4|
"{obsequela,praesto,prodest}",prud. epil. 32 |2.3.4|
"{obsequela,praesto,prodo}",prud. epil. 32 |2.3.4|
"{obsequela,praesto,prosum}",prud. epil. 32 |2.3.4|
"{obsequellam,praestitisse,prodest}",prud. epil. 32 |2.3.4|
"{obsequellam,praestitisse,prodo}",prud. epil. 32 |2.3.4|
"{obsequellam,praestitisse,prosum}",prud. epil. 32 |2.3.4|
"{obsequellam,praesto,prodest}",prud. epil. 32 |2.3.4|
"{obsequellam,praesto,prodo}",prud. epil. 32 |2.3.4|
"{obsequellam,praesto,prosum}",prud. epil. 32 |2.3.4|
"{obsolesco,uasculum,caducis}",prud. epil. 26 |2.3.4|
"{obsolesco,uasculum,caducum}",prud. epil. 26 |2.3.4|
"{obsolesco,uasculum,caducus}",prud. epil. 26 |2.3.4|
"{obsoletum,uasculum,caducis}",prud. epil. 26 |2.3.4|
"{obsoletum,uasculum,caducum}",prud. epil. 26 |2.3.4|
"{obsoletum,uasculum,caducus}",prud. epil. 26 |2.3.4|
"{omne,fio,utile}",prud. epil. 21 |1.3.4|
"{omne,fio,utilis}",prud. epil. 21 |1.3.4|
"{omne,fit,utile}",prud. epil. 21 |1.3.4|
"{omne,fit,utilis}",prud. epil. 21 |1.3.4|
"{omne,uas,fio}",prud. epil. 21 |1.2.3|
"{omne,uas,fit}",prud. epil. 21 |1.2.3|
"{omne,uas,utile}",prud. epil. 21 |1.2.4|
"{omne,uas,utilis}",prud. epil. 21 |1.2.4|
"{omnes,angulos,supellex}",prud. epil. 14 |4.5.6|
"{omnes,angulus,supellex}",prud. epil. 14 |4.5.6|
"{omnis,angulos,supellex}",prud. epil. 14 |4.5.6|
"{omnis,angulus,supellex}",prud. epil. 14 |4.5.6|
"{omnis,fio,utile}",prud. epil. 21 |1.3.4|
"{omnis,fio,utilis}",prud. epil. 21 |1.3.4|
"{omnis,fit,utile}",prud. epil. 21 |1.3.4|
"{omnis,fit,utilis}",prud. epil. 21 |1.3.4|
"{omnis,uas,fio}",prud. epil. 21 |1.2.3|
"{omnis,uas,fit}",prud. epil. 21 |1.2.3|
"{omnis,uas,utile}",prud. epil. 21 |1.2.4|
"{omnis,uas,utilis}",prud. epil. 21 |1.2.4|
"{ore,personasse,christum}",prud. epil. 34 |2.3.4|
"{ore,personasse,christus}",prud. epil. 34 |2.3.4|
"{os,personasse,christum}",prud. epil. 34 |2.3.4|
"{os,personasse,christus}",prud. epil. 34 |2.3.4|
"{pario,anguli,maneo}",prud. epil. 28 |2.4.5|
"{pario,anguli,manere}",prud. epil. 28 |2.4.5|
"{pario,anguli,mano}",prud. epil. 28 |2.4.5|
"{pario,angulus,maneo}",prud. epil. 28 |2.4.5|
"{pario,angulus,manere}",prud. epil. 28 |2.4.5|
"{pario,angulus,mano}",prud. epil. 28 |2.4.5|
"{pario,in,anguli}",prud. epil. 28 |2.3.4|
"{pario,in,angulus}",prud. epil. 28 |2.3.4|
"{pario,in,maneo}",prud. epil. 28 |2.3.5|
"{pario,in,manere}",prud. epil. 28 |2.3.5|
"{pario,in,mano}",prud. epil. 28 |2.3.5|
"{pars,anguli,maneo}",prud. epil. 28 |2.4.5|
"{pars,anguli,manere}",prud. epil. 28 |2.4.5|
"{pars,anguli,mano}",prud. epil. 28 |2.4.5|
"{pars,angulus,maneo}",prud. epil. 28 |2.4.5|
"{pars,angulus,manere}",prud. epil. 28 |2.4.5|
"{pars,angulus,mano}",prud. epil. 28 |2.4.5|
"{pars,in,anguli}",prud. epil. 28 |2.3.4|
"{pars,in,angulus}",prud. epil. 28 |2.3.4|
"{pars,in,maneo}",prud. epil. 28 |2.3.5|
"{pars,in,manere}",prud. epil. 28 |2.3.5|
"{pars,in,mano}",prud. epil. 28 |2.3.5|
"{parte,anguli,maneo}",prud. epil. 28 |2.4.5|
"{parte,anguli,manere}",prud. epil. 28 |2.4.5|
"{parte,anguli,mano}",prud. epil. 28 |2.4.5|
"{parte,angulus,maneo}",prud. epil. 28 |2.4.5|
"{parte,angulus,manere}",prud. epil. 28 |2.4.5|
"{parte,angulus,mano}",prud. epil. 28 |2.4.5|
"{parte,in,anguli}",prud. epil. 28 |2.3.4|
"{parte,in,angulus}",prud. epil. 28 |2.3.4|
"{parte,in,maneo}",prud. epil. 28 |2.3.5|
"{parte,in,manere}",prud. epil. 28 |2.3.5|
"{parte,in,mano}",prud. epil. 28 |2.3.5|
"{paterno,in,atrio}",prud. epil. 25 |2.3.4|
"{paterno,in,atrium}",prud. epil. 25 |2.3.4|
"{paterno,in,atrius}",prud. epil. 25 |2.3.4|
"{paternus,in,atrio}",prud. epil. 25 |2.3.4|
"{paternus,in,atrium}",prud. epil. 25 |2.3.4|
"{paternus,in,atrius}",prud. epil. 25 |2.3.4|
"{pedester,benignus,audio}",prud. epil. 12 |1.4.5|
"{pedester,benignus,audit}",prud. epil. 12 |1.4.5|
"{pedester,carmen,audio}",prud. epil. 12 |1.2.5|
"{pedester,carmen,audit}",prud. epil. 12 |1.2.5|
"{pedester,carmen,benignus}",prud. epil. 12 |1.2.4|
"{pedester,carmen,et}",prud. epil. 12 |1.2.3|
"{pedester,et,audio}",prud. epil. 12 |1.3.5|
"{pedester,et,audit}",prud. epil. 12 |1.3.5|
"{pedester,et,benignus}",prud. epil. 12 |1.3.4|
"{pedestre,benignus,audio}",prud. epil. 12 |1.4.5|
"{pedestre,benignus,audit}",prud. epil. 12 |1.4.5|
"{pedestre,carmen,audio}",prud. epil. 12 |1.2.5|
"{pedestre,carmen,audit}",prud. epil. 12 |1.2.5|
"{pedestre,carmen,benignus}",prud. epil. 12 |1.2.4|
"{pedestre,carmen,et}",prud. epil. 12 |1.2.3|
"{pedestre,et,audio}",prud. epil. 12 |1.3.5|
"{pedestre,et,audit}",prud. epil. 12 |1.3.5|
"{pedestre,et,benignus}",prud. epil. 12 |1.3.4|
"{per,angulos,supellex}",prud. epil. 14 |3.5.6|
"{per,angulus,supellex}",prud. epil. 14 |3.5.6|
"{per,omnes,angulos}",prud. epil. 14 |3.4.5|
"{per,omnes,angulus}",prud. epil. 14 |3.4.5|
"{per,omnes,supellex}",prud. epil. 14 |3.4.6|
"{per,omnis,angulos}",prud. epil. 14 |3.4.5|
"{per,omnis,angulus}",prud. epil. 14 |3.4.5|
"{per,omnis,supellex}",prud. epil. 14 |3.4.6|
"{pius,fidelis,innocens}",prud. epil. 2 |1.2.3|
"{pius,fidelis,pudicus}",prud. epil. 2 |1.2.4|
"{pius,innocens,pudicus}",prud. epil. 2 |1.3.4|
"{quercu,cauata,et}",prud. epil. 20 |2.4.5|
"{quercu,cauata,ulmo}",prud. epil. 20 |2.4.6|
"{quercu,cauata,ulmus}",prud. epil. 20 |2.4.6|
"{quercu,cauo,et}",prud. epil. 20 |2.4.5|
"{quercu,cauo,ulmo}",prud. epil. 20 |2.4.6|
"{quercu,cauo,ulmus}",prud. epil. 20 |2.4.6|
"{quercu,et,ulmo}",prud. epil. 20 |2.5.6|
"{quercu,et,ulmus}",prud. epil. 20 |2.5.6|
"{quercu,sum,cauata}",prud. epil. 20 |2.3.4|
"{quercu,sum,cauo}",prud. epil. 20 |2.3.4|
"{quercu,sum,et}",prud. epil. 20 |2.3.5|
"{quercu,sum,ulmo}",prud. epil. 20 |2.3.6|
"{quercu,sum,ulmus}",prud. epil. 20 |2.3.6|
"{quercu,sunt,cauata}",prud. epil. 20 |2.3.4|
"{quercu,sunt,cauo}",prud. epil. 20 |2.3.4|
"{quercu,sunt,et}",prud. epil. 20 |2.3.5|
"{quercu,sunt,ulmo}",prud. epil. 20 |2.3.6|
"{quercu,sunt,ulmus}",prud. epil. 20 |2.3.6|
"{quercus,cauata,et}",prud. epil. 20 |2.4.5|
"{quercus,cauata,ulmo}",prud. epil. 20 |2.4.6|
"{quercus,cauata,ulmus}",prud. epil. 20 |2.4.6|
"{quercus,cauo,et}",prud. epil. 20 |2.4.5|
"{quercus,cauo,ulmo}",prud. epil. 20 |2.4.6|
"{quercus,cauo,ulmus}",prud. epil. 20 |2.4.6|
"{quercus,et,ulmo}",prud. epil. 20 |2.5.6|
"{quercus,et,ulmus}",prud. epil. 20 |2.5.6|
"{quercus,sum,cauata}",prud. epil. 20 |2.3.4|
"{quercus,sum,cauo}",prud. epil. 20 |2.3.4|
"{quercus,sum,et}",prud. epil. 20 |2.3.5|
"{quercus,sum,ulmo}",prud. epil. 20 |2.3.6|
"{quercus,sum,ulmus}",prud. epil. 20 |2.3.6|
"{quercus,sunt,cauata}",prud. epil. 20 |2.3.4|
"{quercus,sunt,cauo}",prud. epil. 20 |2.3.4|
"{quercus,sunt,et}",prud. epil. 20 |2.3.5|
"{quercus,sunt,ulmo}",prud. epil. 20 |2.3.6|
"{quercus,sunt,ulmus}",prud. epil. 20 |2.3.6|
"{qui,abundat,intus}",prud. epil. 4 |1.4.5|
"{qui,abundo,intus}",prud. epil. 4 |1.4.5|
"{qui,ad,congruens}",prud. epil. 22 |1.3.5|
"{qui,ad,congruo}",prud. epil. 22 |1.3.5|
"{qui,ad,erilem}",prud. epil. 22 |1.3.6|
"{qui,ad,erilis}",prud. epil. 22 |1.3.6|
"{qui,ad,usum}",prud. epil. 22 |1.3.4|
"{qui,ad,usus}",prud. epil. 22 |1.3.4|
"{qui,ad,utor}",prud. epil. 22 |1.3.4|
"{qui,beata,abundat}",prud. epil. 4 |1.2.4|
"{qui,beata,abundo}",prud. epil. 4 |1.2.4|
"{qui,beata,intus}",prud. epil. 4 |1.2.5|
"{qui,beata,mens}",prud. epil. 4 |1.2.3|
"{qui,beatum,abundat}",prud. epil. 4 |1.2.4|
"{qui,beatum,abundo}",prud. epil. 4 |1.2.4|
"{qui,beatum,intus}",prud. epil. 4 |1.2.5|
"{qui,beatum,mens}",prud. epil. 4 |1.2.3|
"{qui,beatus,abundat}",prud. epil. 4 |1.2.4|
"{qui,beatus,abundo}",prud. epil. 4 |1.2.4|
"{qui,beatus,intus}",prud. epil. 4 |1.2.5|
"{qui,beatus,mens}",prud. epil. 4 |1.2.3|
"{qui,beo,abundat}",prud. epil. 4 |1.2.4|
"{qui,beo,abundo}",prud. epil. 4 |1.2.4|
"{qui,beo,intus}",prud. epil. 4 |1.2.5|
"{qui,beo,mens}",prud. epil. 4 |1.2.3|
"{qui,congruens,erilem}",prud. epil. 22 |1.5.6|
"{qui,congruens,erilis}",prud. epil. 22 |1.5.6|
"{qui,congruo,erilem}",prud. epil. 22 |1.5.6|
"{qui,congruo,erilis}",prud. epil. 22 |1.5.6|
"{qui,est,ad}",prud. epil. 22 |1.2.3|
"{qui,est,congruens}",prud. epil. 22 |1.2.5|
"{qui,est,congruo}",prud. epil. 22 |1.2.5|
"{qui,est,erilem}",prud. epil. 22 |1.2.6|
"{qui,est,erilis}",prud. epil. 22 |1.2.6|
"{qui,est,usum}",prud. epil. 22 |1.2.4|
"{qui,est,usus}",prud. epil. 22 |1.2.4|
"{qui,est,utor}",prud. epil. 22 |1.2.4|
"{qui,mens,abundat}",prud. epil. 4 |1.3.4|
"{qui,mens,abundo}",prud. epil. 4 |1.3.4|
"{qui,mens,intus}",prud. epil. 4 |1.3.5|
"{qui,sum,ad}",prud. epil. 22 |1.2.3|
"{qui,sum,congruens}",prud. epil. 22 |1.2.5|
"{qui,sum,congruo}",prud. epil. 22 |1.2.5|
"{qui,sum,erilem}",prud. epil. 22 |1.2.6|
"{qui,sum,erilis}",prud. epil. 22 |1.2.6|
"{qui,sum,usum}",prud. epil. 22 |1.2.4|
"{qui,sum,usus}",prud. epil. 22 |1.2.4|
"{qui,sum,utor}",prud. epil. 22 |1.2.4|
"{qui,usum,congruens}",prud. epil. 22 |1.4.5|
"{qui,usum,congruo}",prud. epil. 22 |1.4.5|
"{qui,usum,erilem}",prud. epil. 22 |1.4.6|
"{qui,usum,erilis}",prud. epil. 22 |1.4.6|
"{qui,usus,congruens}",prud. epil. 22 |1.4.5|
"{qui,usus,congruo}",prud. epil. 22 |1.4.5|
"{qui,usus,erilem}",prud. epil. 22 |1.4.6|
"{qui,usus,erilis}",prud. epil. 22 |1.4.6|
"{qui,utor,congruens}",prud. epil. 22 |1.4.5|
"{qui,utor,congruo}",prud. epil. 22 |1.4.5|
"{qui,utor,erilem}",prud. epil. 22 |1.4.6|
"{qui,utor,erilis}",prud. epil. 22 |1.4.6|
"{quibus,abundat,intus}",prud. epil. 4 |1.4.5|
"{quibus,abundo,intus}",prud. epil. 4 |1.4.5|
"{quibus,beata,abundat}",prud. epil. 4 |1.2.4|
"{quibus,beata,abundo}",prud. epil. 4 |1.2.4|
"{quibus,beata,intus}",prud. epil. 4 |1.2.5|
"{quibus,beata,mens}",prud. epil. 4 |1.2.3|
"{quibus,beatum,abundat}",prud. epil. 4 |1.2.4|
"{quibus,beatum,abundo}",prud. epil. 4 |1.2.4|
"{quibus,beatum,intus}",prud. epil. 4 |1.2.5|
"{quibus,beatum,mens}",prud. epil. 4 |1.2.3|
"{quibus,beatus,abundat}",prud. epil. 4 |1.2.4|
"{quibus,beatus,abundo}",prud. epil. 4 |1.2.4|
"{quibus,beatus,intus}",prud. epil. 4 |1.2.5|
"{quibus,beatus,mens}",prud. epil. 4 |1.2.3|
"{quibus,beo,abundat}",prud. epil. 4 |1.2.4|
"{quibus,beo,abundo}",prud. epil. 4 |1.2.4|
"{quibus,beo,intus}",prud. epil. 4 |1.2.5|
"{quibus,beo,mens}",prud. epil. 4 |1.2.3|
"{quibus,mens,abundat}",prud. epil. 4 |1.3.4|
"{quibus,mens,abundo}",prud. epil. 4 |1.3.4|
"{quibus,mens,intus}",prud. epil. 4 |1.3.5|
"{quidquid,ille,accidit}",prud. epil. 33 |1.2.3|
"{quidquid,ille,accido}",prud. epil. 33 |1.2.3|
"{quidquid,illud,accidit}",prud. epil. 33 |1.2.3|
"{quidquid,illud,accido}",prud. epil. 33 |1.2.3|
"{quis,abundat,intus}",prud. epil. 4 |1.4.5|
"{quis,abundo,intus}",prud. epil. 4 |1.4.5|
"{quis,ad,congruens}",prud. epil. 22 |1.3.5|
"{quis,ad,congruo}",prud. epil. 22 |1.3.5|
"{quis,ad,erilem}",prud. epil. 22 |1.3.6|
"{quis,ad,erilis}",prud. epil. 22 |1.3.6|
"{quis,ad,usum}",prud. epil. 22 |1.3.4|
"{quis,ad,usus}",prud. epil. 22 |1.3.4|
"{quis,ad,utor}",prud. epil. 22 |1.3.4|
"{quis,beata,abundat}",prud. epil. 4 |1.2.4|
"{quis,beata,abundo}",prud. epil. 4 |1.2.4|
"{quis,beata,intus}",prud. epil. 4 |1.2.5|
"{quis,beata,mens}",prud. epil. 4 |1.2.3|
"{quis,beatum,abundat}",prud. epil. 4 |1.2.4|
"{quis,beatum,abundo}",prud. epil. 4 |1.2.4|
"{quis,beatum,intus}",prud. epil. 4 |1.2.5|
"{quis,beatum,mens}",prud. epil. 4 |1.2.3|
"{quis,beatus,abundat}",prud. epil. 4 |1.2.4|
"{quis,beatus,abundo}",prud. epil. 4 |1.2.4|
"{quis,beatus,intus}",prud. epil. 4 |1.2.5|
"{quis,beatus,mens}",prud. epil. 4 |1.2.3|
"{quis,beo,abundat}",prud. epil. 4 |1.2.4|
"{quis,beo,abundo}",prud. epil. 4 |1.2.4|
"{quis,beo,intus}",prud. epil. 4 |1.2.5|
"{quis,beo,mens}",prud. epil. 4 |1.2.3|
"{quis,congruens,erilem}",prud. epil. 22 |1.5.6|
"{quis,congruens,erilis}",prud. epil. 22 |1.5.6|
"{quis,congruo,erilem}",prud. epil. 22 |1.5.6|
"{quis,congruo,erilis}",prud. epil. 22 |1.5.6|
"{quis,est,ad}",prud. epil. 22 |1.2.3|
"{quis,est,congruens}",prud. epil. 22 |1.2.5|
"{quis,est,congruo}",prud. epil. 22 |1.2.5|
"{quis,est,erilem}",prud. epil. 22 |1.2.6|
"{quis,est,erilis}",prud. epil. 22 |1.2.6|
"{quis,est,usum}",prud. epil. 22 |1.2.4|
"{quis,est,usus}",prud. epil. 22 |1.2.4|
"{quis,est,utor}",prud. epil. 22 |1.2.4|
"{quis,mens,abundat}",prud. epil. 4 |1.3.4|
"{quis,mens,abundo}",prud. epil. 4 |1.3.4|
"{quis,mens,intus}",prud. epil. 4 |1.3.5|
"{quis,sum,ad}",prud. epil. 22 |1.2.3|
"{quis,sum,congruens}",prud. epil. 22 |1.2.5|
"{quis,sum,congruo}",prud. epil. 22 |1.2.5|
"{quis,sum,erilem}",prud. epil. 22 |1.2.6|
"{quis,sum,erilis}",prud. epil. 22 |1.2.6|
"{quis,sum,usum}",prud. epil. 22 |1.2.4|
"{quis,sum,usus}",prud. epil. 22 |1.2.4|
"{quis,sum,utor}",prud. epil. 22 |1.2.4|
"{quis,usum,congruens}",prud. epil. 22 |1.4.5|
"{quis,usum,congruo}",prud. epil. 22 |1.4.5|
"{quis,usum,erilem}",prud. epil. 22 |1.4.6|
"{quis,usum,erilis}",prud. epil. 22 |1.4.6|
"{quis,usus,congruens}",prud. epil. 22 |1.4.5|
"{quis,usus,congruo}",prud. epil. 22 |1.4.5|
"{quis,usus,erilem}",prud. epil. 22 |1.4.6|
"{quis,usus,erilis}",prud. epil. 22 |1.4.6|
"{quis,utor,congruens}",prud. epil. 22 |1.4.5|
"{quis,utor,congruo}",prud. epil. 22 |1.4.5|
"{quis,utor,erilem}",prud. epil. 22 |1.4.6|
"{quis,utor,erilis}",prud. epil. 22 |1.4.6|
"{quisquis,ille,accidit}",prud. epil. 33 |1.2.3|
"{quisquis,ille,accido}",prud. epil. 33 |1.2.3|
"{quisquis,illud,accidit}",prud. epil. 33 |1.2.3|
"{quisquis,illud,accido}",prud. epil. 33 |1.2.3|
"{quod,ad,congruens}",prud. epil. 22 |1.3.5|
"{quod,ad,congruo}",prud. epil. 22 |1.3.5|
"{quod,ad,erilem}",prud. epil. 22 |1.3.6|
"{quod,ad,erilis}",prud. epil. 22 |1.3.6|
"{quod,ad,usum}",prud. epil. 22 |1.3.4|
"{quod,ad,usus}",prud. epil. 22 |1.3.4|
"{quod,ad,utor}",prud. epil. 22 |1.3.4|
"{quod,congruens,erilem}",prud. epil. 22 |1.5.6|
"{quod,congruens,erilis}",prud. epil. 22 |1.5.6|
"{quod,congruo,erilem}",prud. epil. 22 |1.5.6|
"{quod,congruo,erilis}",prud. epil. 22 |1.5.6|
"{quod,est,ad}",prud. epil. 22 |1.2.3|
"{quod,est,congruens}",prud. epil. 22 |1.2.5|
"{quod,est,congruo}",prud. epil. 22 |1.2.5|
"{quod,est,erilem}",prud. epil. 22 |1.2.6|
"{quod,est,erilis}",prud. epil. 22 |1.2.6|
"{quod,est,usum}",prud. epil. 22 |1.2.4|
"{quod,est,usus}",prud. epil. 22 |1.2.4|
"{quod,est,utor}",prud. epil. 22 |1.2.4|
"{quod,sum,ad}",prud. epil. 22 |1.2.3|
"{quod,sum,congruens}",prud. epil. 22 |1.2.5|
"{quod,sum,congruo}",prud. epil. 22 |1.2.5|
"{quod,sum,erilem}",prud. epil. 22 |1.2.6|
"{quod,sum,erilis}",prud. epil. 22 |1.2.6|
"{quod,sum,usum}",prud. epil. 22 |1.2.4|
"{quod,sum,usus}",prud. epil. 22 |1.2.4|
"{quod,sum,utor}",prud. epil. 22 |1.2.4|
"{quod,usum,congruens}",prud. epil. 22 |1.4.5|
"{quod,usum,congruo}",prud. epil. 22 |1.4.5|
"{quod,usum,erilem}",prud. epil. 22 |1.4.6|
"{quod,usum,erilis}",prud. epil. 22 |1.4.6|
"{quod,usus,congruens}",prud. epil. 22 |1.4.5|
"{quod,usus,congruo}",prud. epil. 22 |1.4.5|
"{quod,usus,erilem}",prud. epil. 22 |1.4.6|
"{quod,usus,erilis}",prud. epil. 22 |1.4.6|
"{quod,utor,congruens}",prud. epil. 22 |1.4.5|
"{quod,utor,congruo}",prud. epil. 22 |1.4.5|
"{quod,utor,erilem}",prud. epil. 22 |1.4.6|
"{quod,utor,erilis}",prud. epil. 22 |1.4.6|
"{recidit,uictitent,egeni}",prud. epil. 6 |1.3.4|
"{recidit,uictitent,egenus}",prud. epil. 6 |1.3.4|
"{recidit,unde,egeni}",prud. epil. 6 |1.2.4|
"{recidit,unde,egenus}",prud. epil. 6 |1.2.4|
"{recidit,unde,uictitent}",prud. epil. 6 |1.2.3|
"{recido,uictitent,egeni}",prud. epil. 6 |1.3.4|
"{recido,uictitent,egenus}",prud. epil. 6 |1.3.4|
"{recido,unde,egeni}",prud. epil. 6 |1.2.4|
"{recido,unde,egenus}",prud. epil. 6 |1.2.4|
"{recido,unde,uictitent}",prud. epil. 6 |1.2.3|
"{sacramus,et,rotatiles}",prud. epil. 8 |1.2.3|
"{sacramus,et,rotatilis}",prud. epil. 8 |1.2.3|
"{sacramus,et,trochaeos}",prud. epil. 8 |1.2.4|
"{sacramus,et,trochaeus}",prud. epil. 8 |1.2.4|
"{sacramus,rotatiles,trochaeos}",prud. epil. 8 |1.3.4|
"{sacramus,rotatiles,trochaeus}",prud. epil. 8 |1.3.4|
"{sacramus,rotatilis,trochaeos}",prud. epil. 8 |1.3.4|
"{sacramus,rotatilis,trochaeus}",prud. epil. 8 |1.3.4|
"{sacro,et,rotatiles}",prud. epil. 8 |1.2.3|
"{sacro,et,rotatilis}",prud. epil. 8 |1.2.3|
"{sacro,et,trochaeos}",prud. epil. 8 |1.2.4|
"{sacro,et,trochaeus}",prud. epil. 8 |1.2.4|
"{sacro,rotatiles,trochaeos}",prud. epil. 8 |1.3.4|
"{sacro,rotatiles,trochaeus}",prud. epil. 8 |1.3.4|
"{sacro,rotatilis,trochaeos}",prud. epil. 8 |1.3.4|
"{sacro,rotatilis,trochaeus}",prud. epil. 8 |1.3.4|
"{sic,parata,ligno}",prud. epil. 24 |4.5.6|
"{sic,parata,lignum}",prud. epil. 24 |4.5.6|
"{sic,paratus,ligno}",prud. epil. 24 |4.5.6|
"{sic,paratus,lignum}",prud. epil. 24 |4.5.6|
"{sic,paro,ligno}",prud. epil. 24 |4.5.6|
"{sic,paro,lignum}",prud. epil. 24 |4.5.6|
"{sinitque,anguli,maneo}",prud. epil. 28 |1.4.5|
"{sinitque,anguli,manere}",prud. epil. 28 |1.4.5|
"{sinitque,anguli,mano}",prud. epil. 28 |1.4.5|
"{sinitque,angulus,maneo}",prud. epil. 28 |1.4.5|
"{sinitque,angulus,manere}",prud. epil. 28 |1.4.5|
"{sinitque,angulus,mano}",prud. epil. 28 |1.4.5|
"{sinitque,in,anguli}",prud. epil. 28 |1.3.4|
"{sinitque,in,angulus}",prud. epil. 28 |1.3.4|
"{sinitque,in,maneo}",prud. epil. 28 |1.3.5|
"{sinitque,in,manere}",prud. epil. 28 |1.3.5|
"{sinitque,in,mano}",prud. epil. 28 |1.3.5|
"{sinitque,pario,anguli}",prud. epil. 28 |1.2.4|
"{sinitque,pario,angulus}",prud. epil. 28 |1.2.4|
"{sinitque,pario,in}",prud. epil. 28 |1.2.3|
"{sinitque,pario,maneo}",prud. epil. 28 |1.2.5|
"{sinitque,pario,manere}",prud. epil. 28 |1.2.5|
"{sinitque,pario,mano}",prud. epil. 28 |1.2.5|
"{sinitque,pars,anguli}",prud. epil. 28 |1.2.4|
"{sinitque,pars,angulus}",prud. epil. 28 |1.2.4|
"{sinitque,pars,in}",prud. epil. 28 |1.2.3|
"{sinitque,pars,maneo}",prud. epil. 28 |1.2.5|
"{sinitque,pars,manere}",prud. epil. 28 |1.2.5|
"{sinitque,pars,mano}",prud. epil. 28 |1.2.5|
"{sinitque,parte,anguli}",prud. epil. 28 |1.2.4|
"{sinitque,parte,angulus}",prud. epil. 28 |1.2.4|
"{sinitque,parte,in}",prud. epil. 28 |1.2.3|
"{sinitque,parte,maneo}",prud. epil. 28 |1.2.5|
"{sinitque,parte,manere}",prud. epil. 28 |1.2.5|
"{sinitque,parte,mano}",prud. epil. 28 |1.2.5|
"{sino,anguli,maneo}",prud. epil. 28 |1.4.5|
"{sino,anguli,manere}",prud. epil. 28 |1.4.5|
"{sino,anguli,mano}",prud. epil. 28 |1.4.5|
"{sino,angulos,supellex}",prud. epil. 14 |1.5.6|
"{sino,angulus,maneo}",prud. epil. 28 |1.4.5|
"{sino,angulus,manere}",prud. epil. 28 |1.4.5|
"{sino,angulus,mano}",prud. epil. 28 |1.4.5|
"{sino,angulus,supellex}",prud. epil. 14 |1.5.6|
"{sino,est,angulos}",prud. epil. 14 |1.2.5|
"{sino,est,angulus}",prud. epil. 14 |1.2.5|
"{sino,est,omnes}",prud. epil. 14 |1.2.4|
"{sino,est,omnis}",prud. epil. 14 |1.2.4|
"{sino,est,per}",prud. epil. 14 |1.2.3|
"{sino,est,supellex}",prud. epil. 14 |1.2.6|
"{sino,in,anguli}",prud. epil. 28 |1.3.4|
"{sino,in,angulus}",prud. epil. 28 |1.3.4|
"{sino,in,maneo}",prud. epil. 28 |1.3.5|
"{sino,in,manere}",prud. epil. 28 |1.3.5|
"{sino,in,mano}",prud. epil. 28 |1.3.5|
"{sino,omnes,angulos}",prud. epil. 14 |1.4.5|
"{sino,omnes,angulus}",prud. epil. 14 |1.4.5|
"{sino,omnes,supellex}",prud. epil. 14 |1.4.6|
"{sino,omnis,angulos}",prud. epil. 14 |1.4.5|
"{sino,omnis,angulus}",prud. epil. 14 |1.4.5|
"{sino,omnis,supellex}",prud. epil. 14 |1.4.6|
"{sino,pario,anguli}",prud. epil. 28 |1.2.4|
"{sino,pario,angulus}",prud. epil. 28 |1.2.4|
"{sino,pario,in}",prud. epil. 28 |1.2.3|
"{sino,pario,maneo}",prud. epil. 28 |1.2.5|
"{sino,pario,manere}",prud. epil. 28 |1.2.5|
"{sino,pario,mano}",prud. epil. 28 |1.2.5|
"{sino,pars,anguli}",prud. epil. 28 |1.2.4|
"{sino,pars,angulus}",prud. epil. 28 |1.2.4|
"{sino,pars,in}",prud. epil. 28 |1.2.3|
"{sino,pars,maneo}",prud. epil. 28 |1.2.5|
"{sino,pars,manere}",prud. epil. 28 |1.2.5|
"{sino,pars,mano}",prud. epil. 28 |1.2.5|
"{sino,parte,anguli}",prud. epil. 28 |1.2.4|
"{sino,parte,angulus}",prud. epil. 28 |1.2.4|
"{sino,parte,in}",prud. epil. 28 |1.2.3|
"{sino,parte,maneo}",prud. epil. 28 |1.2.5|
"{sino,parte,manere}",prud. epil. 28 |1.2.5|
"{sino,parte,mano}",prud. epil. 28 |1.2.5|
"{sino,per,angulos}",prud. epil. 14 |1.3.5|
"{sino,per,angulus}",prud. epil. 14 |1.3.5|
"{sino,per,omnes}",prud. epil. 14 |1.3.4|
"{sino,per,omnis}",prud. epil. 14 |1.3.4|
"{sino,per,supellex}",prud. epil. 14 |1.3.6|
"{sino,sum,angulos}",prud. epil. 14 |1.2.5|
"{sino,sum,angulus}",prud. epil. 14 |1.2.5|
"{sino,sum,omnes}",prud. epil. 14 |1.2.4|
"{sino,sum,omnis}",prud. epil. 14 |1.2.4|
"{sino,sum,per}",prud. epil. 14 |1.2.3|
"{sino,sum,supellex}",prud. epil. 14 |1.2.6|
"{sita,angulos,supellex}",prud. epil. 14 |1.5.6|
"{sita,angulus,supellex}",prud. epil. 14 |1.5.6|
"{sita,est,angulos}",prud. epil. 14 |1.2.5|
"{sita,est,angulus}",prud. epil. 14 |1.2.5|
"{sita,est,omnes}",prud. epil. 14 |1.2.4|
"{sita,est,omnis}",prud. epil. 14 |1.2.4|
"{sita,est,per}",prud. epil. 14 |1.2.3|
"{sita,est,supellex}",prud. epil. 14 |1.2.6|
"{sita,omnes,angulos}",prud. epil. 14 |1.4.5|
"{sita,omnes,angulus}",prud. epil. 14 |1.4.5|
"{sita,omnes,supellex}",prud. epil. 14 |1.4.6|
"{sita,omnis,angulos}",prud. epil. 14 |1.4.5|
"{sita,omnis,angulus}",prud. epil. 14 |1.4.5|
"{sita,omnis,supellex}",prud. epil. 14 |1.4.6|
"{sita,per,angulos}",prud. epil. 14 |1.3.5|
"{sita,per,angulus}",prud. epil. 14 |1.3.5|
"{sita,per,omnes}",prud. epil. 14 |1.3.4|
"{sita,per,omnis}",prud. epil. 14 |1.3.4|
"{sita,per,supellex}",prud. epil. 14 |1.3.6|
"{sita,sum,angulos}",prud. epil. 14 |1.2.5|
"{sita,sum,angulus}",prud. epil. 14 |1.2.5|
"{sita,sum,omnes}",prud. epil. 14 |1.2.4|
"{sita,sum,omnis}",prud. epil. 14 |1.2.4|
"{sita,sum,per}",prud. epil. 14 |1.2.3|
"{sita,sum,supellex}",prud. epil. 14 |1.2.6|
"{sum,ad,congruens}",prud. epil. 22 |2.3.5|
"{sum,ad,congruo}",prud. epil. 22 |2.3.5|
"{sum,ad,erilem}",prud. epil. 22 |2.3.6|
"{sum,ad,erilis}",prud. epil. 22 |2.3.6|
"{sum,ad,usum}",prud. epil. 22 |2.3.4|
"{sum,ad,usus}",prud. epil. 22 |2.3.4|
"{sum,ad,utor}",prud. epil. 22 |2.3.4|
"{sum,angulos,supellex}",prud. epil. 14 |2.5.6|
"{sum,angulus,supellex}",prud. epil. 14 |2.5.6|
"{sum,cauata,et}",prud. epil. 20 |3.4.5|
"{sum,cauata,ulmo}",prud. epil. 20 |3.4.6|
"{sum,cauata,ulmus}",prud. epil. 20 |3.4.6|
"{sum,cauo,et}",prud. epil. 20 |3.4.5|
"{sum,cauo,ulmo}",prud. epil. 20 |3.4.6|
"{sum,cauo,ulmus}",prud. epil. 20 |3.4.6|
"{sum,congruens,erilem}",prud. epil. 22 |2.5.6|
"{sum,congruens,erilis}",prud. epil. 22 |2.5.6|
"{sum,congruo,erilem}",prud. epil. 22 |2.5.6|
"{sum,congruo,erilis}",prud. epil. 22 |2.5.6|
"{sum,eburna,quaepiam}",prud. epil. 19 |1.2.3|
"{sum,eburnus,quaepiam}",prud. epil. 19 |1.2.3|
"{sum,et,fictilis}",prud. epil. 17 |1.2.4|
"{sum,et,ille}",prud. epil. 17 |1.2.3|
"{sum,et,olla}",prud. epil. 17 |1.2.3|
"{sum,et,ollus}",prud. epil. 17 |1.2.3|
"{sum,et,ulmo}",prud. epil. 20 |3.5.6|
"{sum,et,ulmus}",prud. epil. 20 |3.5.6|
"{sum,ille,fictilis}",prud. epil. 17 |1.3.4|
"{sum,olla,fictilis}",prud. epil. 17 |1.3.4|
"{sum,ollus,fictilis}",prud. epil. 17 |1.3.4|
"{sum,omnes,angulos}",prud. epil. 14 |2.4.5|
"{sum,omnes,angulus}",prud. epil. 14 |2.4.5|
"{sum,omnes,supellex}",prud. epil. 14 |2.4.6|
"{sum,omnis,angulos}",prud. epil. 14 |2.4.5|
"{sum,omnis,angulus}",prud. epil. 14 |2.4.5|
"{sum,omnis,supellex}",prud. epil. 14 |2.4.6|
"{sum,per,angulos}",prud. epil. 14 |2.3.5|
"{sum,per,angulus}",prud. epil. 14 |2.3.5|
"{sum,per,omnes}",prud. epil. 14 |2.3.4|
"{sum,per,omnis}",prud. epil. 14 |2.3.4|
"{sum,per,supellex}",prud. epil. 14 |2.3.6|
"{sum,usum,congruens}",prud. epil. 22 |2.4.5|
"{sum,usum,congruo}",prud. epil. 22 |2.4.5|
"{sum,usum,erilem}",prud. epil. 22 |2.4.6|
"{sum,usum,erilis}",prud. epil. 22 |2.4.6|
"{sum,usus,congruens}",prud. epil. 22 |2.4.5|
"{sum,usus,congruo}",prud. epil. 22 |2.4.5|
"{sum,usus,erilem}",prud. epil. 22 |2.4.6|
"{sum,usus,erilis}",prud. epil. 22 |2.4.6|
"{sum,utor,congruens}",prud. epil. 22 |2.4.5|
"{sum,utor,congruo}",prud. epil. 22 |2.4.5|
"{sum,utor,erilem}",prud. epil. 22 |2.4.6|
"{sum,utor,erilis}",prud. epil. 22 |2.4.6|
"{sunt,cauata,et}",prud. epil. 20 |3.4.5|
"{sunt,cauata,ulmo}",prud. epil. 20 |3.4.6|
"{sunt,cauata,ulmus}",prud. epil. 20 |3.4.6|
"{sunt,cauo,et}",prud. epil. 20 |3.4.5|
"{sunt,cauo,ulmo}",prud. epil. 20 |3.4.6|
"{sunt,cauo,ulmus}",prud. epil. 20 |3.4.6|
"{sunt,eburna,quaepiam}",prud. epil. 19 |1.2.3|
"{sunt,eburnus,quaepiam}",prud. epil. 19 |1.2.3|
"{sunt,et,ulmo}",prud. epil. 20 |3.5.6|
"{sunt,et,ulmus}",prud. epil. 20 |3.5.6|
"{uas,fio,utile}",prud. epil. 21 |2.3.4|
"{uas,fio,utilis}",prud. epil. 21 |2.3.4|
"{uas,fit,utile}",prud. epil. 21 |2.3.4|
"{uas,fit,utilis}",prud. epil. 21 |2.3.4|
"{unde,uictitent,egeni}",prud. epil. 6 |2.3.4|
"{unde,uictitent,egenus}",prud. epil. 6 |2.3.4|
"{usum,congruens,erilem}",prud. epil. 22 |4.5.6|
"{usum,congruens,erilis}",prud. epil. 22 |4.5.6|
"{usum,congruo,erilem}",prud. epil. 22 |4.5.6|
"{usum,congruo,erilis}",prud. epil. 22 |4.5.6|
"{usus,congruens,erilem}",prud. epil. 22 |4.5.6|
"{usus,congruens,erilis}",prud. epil. 22 |4.5.6|
"{usus,congruo,erilem}",prud. epil. 22 |4.5.6|
"{usus,congruo,erilis}",prud. epil. 22 |4.5.6|
"{ut,emo,ligno}",prud. epil. 24 |1.2.6|
"{ut,emo,lignum}",prud. epil. 24 |1.2.6|
"{ut,emo,magno}",prud. epil. 24 |1.2.3|
"{ut,emo,magnus}",prud. epil. 24 |1.2.3|
"{ut,emo,parata}",prud. epil. 24 |1.2.5|
"{ut,emo,paratus}",prud. epil. 24 |1.2.5|
"{ut,emo,paro}",prud. epil. 24 |1.2.5|
"{ut,emo,sic}",prud. epil. 24 |1.2.4|
"{ut,empta,ligno}",prud. epil. 24 |1.2.6|
"{ut,empta,lignum}",prud. epil. 24 |1.2.6|
"{ut,empta,magno}",prud. epil. 24 |1.2.3|
"{ut,empta,magnus}",prud. epil. 24 |1.2.3|
"{ut,empta,parata}",prud. epil. 24 |1.2.5|
"{ut,empta,paratus}",prud. epil. 24 |1.2.5|
"{ut,empta,paro}",prud. epil. 24 |1.2.5|
"{ut,empta,sic}",prud. epil. 24 |1.2.4|
"{ut,emptum,ligno}",prud. epil. 24 |1.2.6|
"{ut,emptum,lignum}",prud. epil. 24 |1.2.6|
"{ut,emptum,magno}",prud. epil. 24 |1.2.3|
"{ut,emptum,magnus}",prud. epil. 24 |1.2.3|
"{ut,emptum,parata}",prud. epil. 24 |1.2.5|
"{ut,emptum,paratus}",prud. epil. 24 |1.2.5|
"{ut,emptum,paro}",prud. epil. 24 |1.2.5|
"{ut,emptum,sic}",prud. epil. 24 |1.2.4|
"{ut,magno,ligno}",prud. epil. 24 |1.3.6|
"{ut,magno,lignum}",prud. epil. 24 |1.3.6|
"{ut,magno,parata}",prud. epil. 24 |1.3.5|
"{ut,magno,paratus}",prud. epil. 24 |1.3.5|
"{ut,magno,paro}",prud. epil. 24 |1.3.5|
"{ut,magno,sic}",prud. epil. 24 |1.3.4|
"{ut,magnus,ligno}",prud. epil. 24 |1.3.6|
"{ut,magnus,lignum}",prud. epil. 24 |1.3.6|
"{ut,magnus,parata}",prud. epil. 24 |1.3.5|
"{ut,magnus,paratus}",prud. epil. 24 |1.3.5|
"{ut,magnus,paro}",prud. epil. 24 |1.3.5|
"{ut,magnus,sic}",prud. epil. 24 |1.3.4|
"{ut,obsolesco,caducis}",prud. epil. 26 |1.2.4|
"{ut,obsolesco,caducum}",prud. epil. 26 |1.2.4|
"{ut,obsolesco,caducus}",prud. epil. 26 |1.2.4|
"{ut,obsolesco,uasculum}",prud. epil. 26 |1.2.3|
"{ut,obsoletum,caducis}",prud. epil. 26 |1.2.4|
"{ut,obsoletum,caducum}",prud. epil. 26 |1.2.4|
"{ut,obsoletum,caducus}",prud. epil. 26 |1.2.4|
"{ut,obsoletum,uasculum}",prud. epil. 26 |1.2.3|
"{ut,parata,ligno}",prud. epil. 24 |1.5.6|
"{ut,parata,lignum}",prud. epil. 24 |1.5.6|
"{ut,paratus,ligno}",prud. epil. 24 |1.5.6|
"{ut,paratus,lignum}",prud. epil. 24 |1.5.6|
"{ut,paro,ligno}",prud. epil. 24 |1.5.6|
"{ut,paro,lignum}",prud. epil. 24 |1.5.6|
"{ut,sic,ligno}",prud. epil. 24 |1.4.6|
"{ut,sic,lignum}",prud. epil. 24 |1.4.6|
"{ut,sic,parata}",prud. epil. 24 |1.4.5|
"{ut,sic,paratus}",prud. epil. 24 |1.4.5|
"{ut,sic,paro}",prud. epil. 24 |1.4.5|
"{ut,uasculum,caducis}",prud. epil. 26 |1.3.4|
"{ut,uasculum,caducum}",prud. epil. 26 |1.3.4|
"{ut,uasculum,caducus}",prud. epil. 26 |1.3.4|
"{utor,congruens,erilem}",prud. epil. 22 |4.5.6|
"{utor,congruens,erilis}",prud. epil. 22 |4.5.6|
"{utor,congruo,erilem}",prud. epil. 22 |4.5.6|
"{utor,congruo,erilis}",prud. epil. 22 |4.5.6|
